f,Kdut_11_re,Kdut_11_im,Kdut_11_abs,Kdut_11_dB,Kdut_11_pha_rad,Kdut_11_pha_deg,Kdut_12_re,Kdut_12_im,Kdut_12_abs,Kdut_12_dB,Kdut_12_pha_rad,Kdut_12_pha_deg,Kdut_21_re,Kdut_21_im,Kdut_21_abs,Kdut_21_dB,Kdut_21_pha_rad,Kdut_21_pha_deg,Kdut_22_re,Kdut_22_im,Kdut_22_abs,Kdut_22_dB,Kdut_22_pha_rad,Kdut_22_pha_deg
-49.0,-594.854881744388,203.37009463166143,628.6586718765761,55.96829821397341,2.8121682543778923,161.1253722565253,-5.391310430549328,1.390907951608003,5.567840971902515,14.913736450112218,2.8891075862194917,165.53367124960548,-304.43011811904114,256.39895392994,398.01773879356284,51.99804856149814,2.441629159196209,139.89504595801856,0.44649034437938273,-1.5353677969931094,1.5989708876860433,4.076811133181055,-1.287797887287564,-73.7853838074415
-48.0,-480.6341049143702,227.3858078252232,531.7080480932813,54.51346467952221,2.699699406181246,154.68138192815994,-5.315366050222382,0.9644653801665686,5.40215787601552,14.651345442569061,2.9620969956623644,169.71565635983438,-329.1294754270421,363.9257917304642,490.6813563622783,53.81599114197803,2.3060294825541376,132.1257567830892,0.8790310153826364,-1.398661258758409,1.65195303890767,4.359953944031697,-1.0096982540138022,-57.851448536719
-47.0,-454.0005648505353,239.70250942317674,513.3943960624943,54.20902247671946,2.655813629040797,152.1669121173605,-5.267408554781748,0.9933200589268166,5.36024977239441,14.58370054103927,2.9552030257211492,169.32066097811273,-325.66496021487285,422.9237723226743,533.7810258030871,54.54726263910562,2.226995314660735,127.59743252546885,1.1188414350877705,-1.388922513775286,1.7835111174705702,5.025516416925337,-0.8926826133415708,-51.14694618918076
-46.0,-406.0592350611792,228.0076018125537,465.69471637842537,53.36202621192019,2.6299531609027844,150.68521643681984,-5.3354993165865565,0.8952654352454104,5.410088091412261,14.664086733934624,2.975347191387721,170.47483665261962,-355.6985074781435,440.8734245566877,566.4722453064406,55.06357272333361,2.249672390961727,128.89673328921182,1.1519698029712055,-1.2062976114135262,1.6679893147917635,4.443865284045923,-0.8084312598044163,-46.31969921323721
-45.0,-380.69775599039076,235.16324477033882,447.4734998936064,53.01534641579812,2.58824814155617,148.2956948437474,-5.295074443869967,0.9003017573570554,5.371066618505587,14.601210781153425,2.9731769643775308,170.3504918043504,-335.9248671089774,452.5920772128753,563.6356134046619,55.01996852538524,2.209302427677317,126.58370477391708,1.1412483560025866,-1.2839484343788594,1.717839163665368,4.699649993135425,-0.8441710159466296,-48.36743640101279
-44.0,-335.91719548052936,212.7753238875943,397.6351351112912,51.98969503516908,2.5769642664426327,147.649176423189,-5.385635334625386,0.767460308989311,5.440042581031831,14.712045981591476,3.000044292758421,171.8898763273675,-350.41153325019053,467.5343090478255,584.2743985248516,55.33233714010312,2.2139699202418863,126.85113239877558,1.166157868391596,-1.157661922743966,1.6431997143935022,4.313807015359377,-0.781742153655823,-44.790526071946154
-43.0,-325.7062494684389,230.80186402142087,399.1917601586478,52.023631366005894,2.52510505310859,144.6778623702798,-5.308334959675251,0.8596584735700771,5.377493164597356,14.611597340447886,2.981041487150413,170.8010957671211,-327.21799742008824,457.4230401314536,562.4121757916646,55.00109428511064,2.1917508033884685,125.57807077856674,1.1078425101606488,-1.221438961617846,1.6490082365704328,4.344456497828583,-0.8341284356824279,-47.792038936452656
-42.0,-307.36536072785896,247.01684473513853,394.32320063403625,51.917046604660854,2.4646247778542723,141.21259785441788,-5.228028742886053,0.8613256139657348,5.2985060488515225,14.483068689372887,2.97830795151179,170.64447571187938,-316.9046812616448,475.68726210330806,571.5828446803542,55.14158371054995,2.158478444319142,123.67170502945051,1.1671857924144913,-1.2213185268380822,1.6893613047575662,4.554450846740428,-0.8080581470550376,-46.29832142741529
-41.0,-284.8847733586666,233.18778314422468,368.1519744607338,51.320542680261035,2.4556524077265136,140.69851891386807,-5.276922312849426,0.8590820442228871,5.346394210545488,14.561219556621023,2.9802086486960446,170.75337763866958,-321.11986176218903,479.01603057015524,576.692572486724,55.21888715900335,2.1613611117053426,123.8368697044198,1.1799293814480594,-1.1737232756696412,1.6642895400299411,4.424577673451552,-0.7827613718655106,-44.84892297376414
-40.0,-305.2557479487614,259.1381964512519,400.4168784101956,52.050247512305326,2.437724992240513,139.67135366894274,-5.147351101981475,1.0699772831130736,5.257382880621112,14.415392132667789,2.9366418477707925,168.25718381876598,-284.40254047445046,478.2882469645932,556.4570533408531,54.9086330331876,2.1072548525879276,120.73680941175068,1.1545724513669948,-1.2543400286151933,1.7048185982215103,4.633563490820677,-0.8267905316831244,-47.3716080068204
-39.0,-249.97563556627173,221.36694457585054,333.90289385929134,50.47240366001377,2.416816292530477,138.47337342045128,-5.300049799324789,0.8647438917803653,5.3701312715513945,14.599698041043595,2.979860044406134,170.73340408413753,-320.4686119358195,489.78542551788206,585.3117923686517,55.34774548002983,2.150191328318299,123.19688825826687,1.23333296876854,-1.1002998639101302,1.6528067044794053,4.364441317205294,-0.728452926017054,-41.7372782347328
-38.0,-219.66711926772462,221.7611950054603,312.14046661339916,49.88700150516546,2.3514506621194533,134.72819867268763,-5.303757098849837,0.80921005551352,5.365133761384168,14.591611081889795,2.9901872933996545,171.325111865447,-309.6560419156,476.3683756393631,568.1669592682429,55.08951949007188,2.147196040675101,123.02527091788394,1.1681329847925714,-1.0873577395981622,1.5958952108532773,4.060087428987668,-0.7496007477425929,-42.94895916550124
-37.0,-204.11260402789858,219.02139085813997,299.3865808223272,49.52464660782121,2.320974862122271,132.98206395556429,-5.292613411824444,0.833870695962041,5.35790043436869,14.579892777433223,2.9853235593491116,171.04644043167684,-295.3753824922483,465.81996785524586,551.574889779352,54.83208973751311,2.1359110939759867,122.37869109999458,1.1409953859332462,-1.1363219043709916,1.6103098897647852,4.138189203423643,-0.7833459790042493,-44.88241849548708
-36.0,-187.73846078575247,212.71339139157743,283.71238347225864,49.05756584572289,2.2939082883046114,131.4312635099331,-5.3075783667312315,0.8453879088629235,5.374483122630957,14.606734068373866,2.98364008133749,170.94998424670783,-286.92248495938225,461.70418309571573,543.594761806393,54.70550526255059,2.12683316613323,121.85856414788032,1.1556578895344047,-1.1235842510463123,1.6118271392560732,4.146369279249147,-0.771327029373086,-44.1937834074411
-35.0,-178.36455689895612,208.505032794765,274.38706940835783,48.767272824592496,2.278442927194333,130.5451635896684,-5.319211180201606,0.8600281319883156,5.388288779138797,14.629017263757145,2.9812964462731415,170.8157038488018,-274.10433520306987,465.0288928453179,539.8009427169047,54.64467277359826,2.1034112724388407,120.51658849098776,1.156229395299872,-1.1325361263062659,1.6184883354365918,4.182191475157665,-0.7750465470032721,-44.40689606947527
-34.0,-168.63663526619385,196.6345710990547,259.04337340532857,48.26744974135614,2.2796943531542544,130.616865015545,-5.344166555025254,0.9317030658142728,5.424775273750812,14.687635036986592,2.968987252878795,170.11043901809543,-274.7610644757916,466.7897825896696,541.6514965196543,54.67439894777921,2.1028049826144515,120.48185064288852,1.1818480362111963,-1.1642833888520678,1.659011931920056,4.3969901912334945,-0.777911660715868,-44.57105499303208
-33.0,-157.73402841631736,199.57328195215948,254.3806568699667,48.1096816887398,2.2396293252199833,128.3213080088375,-5.309002924620857,0.9661026965951646,5.396189996099216,14.641744649518538,2.9615879251203654,169.68648876630343,-254.64271181136223,469.8958656812226,534.4577020335192,54.55826680079947,2.0674095694380528,118.45384285375913,1.217355380236061,-1.2338087176751673,1.7332738022600254,4.777343457603206,-0.7921105211488465,-45.38458976973704
-32.0,-145.09172527488033,188.673593062057,238.0112044887552,47.53194804307153,2.2263527246969694,127.56061483258763,-5.340366764654233,1.0232585261369198,5.437515534905203,14.70801021475353,2.9522789155277063,169.15312180519726,-244.90849516315947,464.7293286257261,525.3127829093838,54.40835938021455,2.0558033942193954,117.78885799744074,1.2276863004710032,-1.2702504325522321,1.7665644097409274,4.942589532672978,-0.8024362303389909,-45.97620932681176
-31.0,-127.78481846930445,186.87719226443514,226.38914465996763,47.09711197264788,2.170560280431447,124.36394324745432,-5.3301103299171775,0.9899388243427356,5.421259540460213,14.68200398878296,2.957959229826954,169.47857984085198,-231.12751029866166,456.1189861293775,511.3359517230812,54.174126575674634,2.039810527366714,116.87253422446742,1.2066515976926029,-1.3164403320760085,1.7857836448266915,5.036576822857879,-0.8288843000896634,-47.49157209979292
-30.0,-116.61214318344699,184.4483145814847,218.21909332088035,46.77785493981499,2.1345716029515196,122.30194391759697,-5.2897572645649795,1.059643469316547,5.394847189687877,14.639582954001495,2.9438895486777277,168.67244649190653,-218.09989160578684,442.7366391270967,493.541583196404,53.86647499794185,2.028520649832749,116.22567189055165,1.230187153883438,-1.4231157130156622,1.8811216776731667,5.488337763563907,-0.8579830249935158,-49.15880622599588
-29.0,-108.5521674794766,184.23126704459025,213.83342306886328,46.601511764873614,2.1032493117213917,120.50730882543101,-5.284603941803619,1.1013420749112166,5.39814719952097,14.644894459052706,2.9361278199166105,168.22773219216919,-204.95499522274548,447.71093651528247,492.39377813102686,53.846251131309295,2.000104712640783,114.59755861854319,1.2198685611088838,-1.4515077111274066,1.8960363767196509,5.556933306212506,-0.8718933535370066,-49.95580934317827
-28.0,-97.55376023115925,181.2333567383225,205.82095551687286,46.26979180133959,2.064594679249345,118.29256152615338,-5.262129549281163,1.1465503247195485,5.385590500635234,14.624666565336248,2.9270585643926963,167.7081021273232,-181.61406572335343,429.09144619883847,465.9432777383715,53.36666100913894,1.9711859712768585,112.9406367895599,1.1594561601141264,-1.5426545870975892,1.9297983734887507,5.710238720512795,-0.9262732582968412,-53.07154837624016
-27.0,-89.59507296813122,181.63205285648982,202.52772581804072,46.12968972094287,2.029051788813185,116.25610391246552,-5.206848500694591,1.1926889144570687,5.341701803344537,14.553592803708247,2.9164157252890703,167.09831236464865,-172.08880996205897,431.97499729989227,464.99135132430104,53.34889750480714,1.9499025965414682,111.72118924342668,1.1856620649401945,-1.6572542384410678,2.0377159132394116,6.18287274048973,-0.9497844932063543,-54.41864290769591
-26.0,-82.60659191988806,175.35295691455696,193.83629311173226,45.748701916881906,2.0110476046451615,115.22454014606153,-5.202473245517862,1.2618167849857638,5.35330827332043,14.572445063996254,2.9036457768128017,166.36664821235894,-150.76658860184855,424.9171377003362,450.8715317583109,53.08105629226631,1.911753415883889,109.53540219986527,1.1710331178233133,-1.7567029338097842,2.111237495094972,6.4907418050227825,-0.9828339895507141,-56.31223956326077
-25.0,-82.82753886047135,168.96010837652835,188.1699216567066,45.49100408187907,2.026588961795084,116.11499431865754,-5.131220575842977,1.3621566027861634,5.308944830045635,14.500164244509175,2.882113007096732,165.13291138640102,-145.390201902229,447.5383213005104,470.5622805130579,53.45234223828865,1.8849074625177853,107.9972423749825,1.281453061540312,-1.879199639559108,2.2745358283065404,7.137855643836302,-0.9723118374481381,-55.70936465638846
-24.0,-56.230489659553086,172.58018413461042,181.50974608347934,45.17799898486825,1.885771877972594,108.04676973228894,-5.118737923932736,1.3674323679707443,5.298240199809867,14.482632869663233,2.8805460859539624,165.04313341809052,-114.7303014617433,398.56510325074987,414.7495432219105,52.355718327861034,1.8510771289281176,106.05890704077488,1.1189355520932063,-1.9926980685046705,2.285358256807972,7.1790858102965425,-1.0591532573873859,-60.685011505830595
-23.0,-43.31124778429006,162.81211965589924,168.47448023804384,44.53068250400907,1.83079470176165,104.89680956585481,-5.083428568298279,1.4400715638547774,5.283469704466397,14.458384430245232,2.8655380997020075,164.18323914686312,-102.50477697029469,388.83637712492026,402.12057579457814,52.08712591495172,1.8285515224638698,104.76828485940088,1.079377689475293,-2.124999079500962,2.3834171444413497,7.544001179908863,-1.1008147963387274,-63.07204185576234
-22.0,-37.11860831515691,157.87674994952485,162.18156263237455,44.200029611294454,1.801713762087886,103.23059445827357,-5.031760081240446,1.5318509225365158,5.259769649332642,14.419334494427169,2.8460707538053893,163.06784238866558,-93.98982204986888,373.4711768215899,385.11661424232176,51.71184509684405,1.8173419332132832,104.12602270526705,1.0219114013093464,-2.2117107378404404,2.4363840625001507,7.734914998406107,-1.1379704824476882,-65.20090585471866
-21.0,-21.90296420656474,160.23947195645593,161.7294908602568,44.17578438700641,1.7066433958049592,97.78346371349903,-4.922839482605748,1.6137537561001003,5.180593571863095,14.287590446704662,2.8248217222271363,161.85036256049148,-73.36473526684219,365.04137254769864,372.34068815035715,51.418809941324575,1.7691306467446444,101.36371946571788,0.9769965064267611,-2.393551176985057,2.5852677637754753,8.250110618291858,-1.1832593268671676,-67.79576549897945
-20.0,-30.712180494260938,156.28858092101098,159.2776147392202,44.0430948658829,1.7648333308174904,101.1175013998576,-4.745480025324154,1.8309145005846368,5.086435744133766,14.128271250362957,2.7733674047259496,158.90224732994736,-65.06232976738602,345.94503258332855,352.0100457711972,50.93110115369575,1.756696110736909,100.65127303227119,0.9834300121603972,-2.5833195536047584,2.764177003170109,8.831316989953379,-1.2070512215330298,-69.15894064995317
-19.0,0.12905937981513205,146.3699445011043,146.37000139912504,43.309041539665465,1.5699145928650993,89.94948036716913,-4.7331925542083395,1.8124143529568724,5.068328870744019,14.097295747414568,2.775900202548268,159.04736595552612,-44.30100467419129,343.2448617934817,346.09191577205195,50.78382909789681,1.6991520655177852,97.35424210510543,0.8557232324697116,-2.7027389079349313,2.8349708737575625,9.050972026967585,-1.2641684613419588,-72.43151742844141
-18.0,14.15838803552579,139.42068922155167,140.13774842909748,42.93110270946568,1.4695917166491896,84.20140297138413,-4.57528212069409,1.9471210657501317,4.97237236423731,13.93127288080082,2.73923593224675,156.9466580083223,-29.13978509590126,323.53452530202213,324.84414130139413,50.233500769823955,1.660620965330683,95.14657268438873,0.7478400889398289,-2.914853476918588,3.0092583123636816,9.569189376730087,-1.3196514395218355,-75.61045791296478
-17.0,22.49304006687593,131.44806380281656,133.3586529961945,42.50042400405431,1.4013204365148069,80.28974675772865,-4.3854209194465525,2.062532716994617,4.846231303744451,13.708082771112533,2.7019731419116995,154.81165738924304,-13.915807301349712,316.1278821499808,316.43401771219294,50.005663308810675,1.6147874778628095,92.52050729211383,0.6526183936343394,-3.119399054019936,3.186936024762709,10.067466908813191,-1.3645581463205203,-78.18342268436086
-16.0,33.17023936269718,121.25942802189205,125.7144131099336,41.9877014447726,1.3037807951050877,74.70113696973226,-4.089915392734777,2.187675302685578,4.638246559822936,13.32707662266914,2.6504202837180864,151.85789619291256,-6.9218639137653115,294.22099887059886,294.30240973606317,49.37587636199158,1.5943180582000729,91.34769593635693,0.5102434058036913,-3.318278067052437,3.3572783118841087,10.519746898272505,-1.4182238100949018,-81.25823872340104
-15.0,55.341016456023695,93.85957724161781,108.95984738591142,40.74532972553298,1.0380478374666273,59.4757600195198,-3.770974455097579,2.2551374578263625,4.393847208846711,12.856899014782783,2.602626534905439,149.11951609883948,-8.776386581270998,288.3936905797816,288.52720101864,49.203735254197596,1.6012189022141898,91.74308517344394,0.3202639737860114,-3.494107195360502,3.5087539249105575,10.903058228937086,-1.4793934081986664,-84.76299852925818
-14.0,65.43716074242994,81.50630770762251,104.52416085365269,40.384333792214456,0.8943213249794727,51.24083744987151,-3.2426671434653773,2.17509348211693,3.904602650623679,11.831536895268723,2.550752607390019,146.14735898543836,0.8379557571797853,259.959969483243,259.9613200143045,48.29817467064548,1.5675729349140155,89.81531324950878,-0.06051920453190773,-3.6890590224472772,3.689555399396631,11.339480714931916,-1.5871999072062066,-90.93985592647154
-13.0,69.72020545264155,46.94079972652844,84.04966226776048,38.49071945353653,0.592562953960401,33.95135635773589,-2.6077133902141005,1.8094234698564677,3.173985258120985,10.032098106022605,2.5349902140322738,145.2442403710145,7.011989560020608,242.84597902178277,242.94719081446073,47.710237634077906,1.541930121631745,88.34608827359267,-0.4918796964771812,-3.8074058514762417,3.839047401851403,11.684469490253298,-1.699274951442029,-97.36128294992616
-12.0,61.240074884487186,24.22082690891514,65.85586707355105,36.37188944295315,0.37662638486717265,21.57910230615881,-2.1698314804027294,0.8378361551167492,2.32597035152375,7.332083492012854,2.7731004074830006,158.88694951478473,27.28482154575746,239.07459887715274,240.6265266238436,47.626870043728545,1.457161177097435,83.48918551799814,-1.0105218584297226,-3.8295013953419823,3.9605852298985367,11.95518727071587,-1.8287935569120979,-104.78215241178113
-11.0,27.72682685679726,6.049783204456329,28.379161445816816,29.05999117349682,0.21482551196763308,12.308595167482533,-2.5658437103781924,-0.34017517414414944,2.5882954033864314,8.260276821226665,-3.009783048346009,-172.44786592024573,37.35112872737062,221.94102814548467,225.06205098035392,47.04604544516983,1.4040656576438357,80.44703634225215,-1.3282180636770242,-3.6233459636665466,3.859118966434774,11.729763338568517,-1.9221578864681126,-110.1315344524093
-10.0,-2.8634054381222405,15.9006572169828,16.156422581594455,24.16690407794428,1.748967672284795,100.20846612673844,-3.7408451038479713,-0.7864530914274135,3.8226209014234036,11.647224602370947,-2.934376286418629,-168.12737671505909,40.30144183785308,193.52751521048083,197.67929926462395,45.91922385811452,1.3654840903101952,78.23647536703474,-1.352097364753365,-3.4366868792869245,3.6930995099016615,11.347820195905843,-1.9456265259314134,-111.47618844457061
-9.0,11.431386954216494,23.96732001286002,26.553889287557702,28.482562803957876,1.125752264853369,64.50085355339169,-4.9185548277701105,-0.4765939123710187,4.941591176037307,13.877336256629466,-3.044997070783254,-174.46548078557885,58.81550058457889,171.04348863792734,180.87326533915228,45.14748758111861,1.2395993338912306,71.02381011919566,-1.4661305809093006,-3.532636377233765,3.8247952434127424,11.652163811825758,-1.9641873727939732,-112.53964663398392
-8.0,10.200246598721916,20.91339566411788,23.26832931000166,27.335304032305277,1.1170067814498241,63.99977426456686,-5.473570257192823,0.35454612647936184,5.48504095848221,14.783597498657246,3.0769088186565137,176.2938892556022,58.27256713118181,140.88332123245274,152.4591823457825,43.663071725489,1.1786015168292039,67.52889264203046,-1.654148719350083,-3.693854960774132,4.047316698377233,12.143343776372593,-1.9918283512153874,-114.12335803914313
-7.0,16.50834377339499,13.49723637379422,21.323714588942117,26.577257219998835,0.6853814232679802,39.26946290992475,-5.581118143670908,1.2917218809210325,5.728649505011,15.161045033939267,2.914152300816329,166.96862769511392,73.0568772346477,121.43944813259245,141.72101775681332,43.02868525038633,1.029207805598285,58.96926350270263,-2.01354392046649,-3.953488214062703,4.436713668739539,12.941228032978966,-2.0418627277550763,-116.99011664543569
-6.0,15.669819932813887,9.127831912597076,18.134513286863722,25.170118080417943,0.5274601709544307,30.221241656937767,-5.261857762546857,2.188312832479167,5.6987595287104025,15.115606627605992,2.7474701655919853,157.41844482653016,75.92322950708446,91.54077659166498,118.92876253367199,41.5057380005377,0.8783883265463397,50.327943884664435,-2.495214539222755,-4.188045167269143,4.875019786609594,13.75952765483644,-2.108117855898388,-120.7862558591459
-5.0,6.137212381684757,-1.6989212853733289,6.3680224050955765,16.080091654869445,-0.2700602093089388,-15.47331020782182,-4.570750692813803,2.9358592706691113,5.432405687449312,14.699843904541952,2.570639259571969,147.28678022410875,77.175926464773,69.89573049787901,104.12270053897078,40.35090846995097,0.7359375229120101,42.1661140481705,-2.974920784486317,-4.261179506456232,5.196903352979663,14.314892806120799,-2.1802761792026546,-124.92062324122087
-4.0,2.1057145702894946,-7.2575584367704025,7.556863655953222,17.566831731370648,-1.288408935877089,-73.82039431269871,-3.5315490499456614,3.50267865464696,4.973992003400443,13.934101654537397,2.3602987407803124,135.23515623675462,70.39909036329286,46.093556010188244,84.14658537126408,38.50072994408447,0.5797046981358309,33.214632567088515,-3.5363591767797367,-4.355466743290625,5.6103410572892,14.97978526361333,-2.2527729129151326,-129.07438011142963
-3.0,-2.5077095872443467,-12.40157009280748,12.652570811529733,22.04357553130678,-1.7703150587520904,-101.43158127494915,-2.202757158076598,3.5967090928351593,4.217636233240226,12.501382391382954,2.120310411090312,121.48483781312345,60.32354004686767,18.578229099151784,63.11956970897868,36.003280591843144,0.2987584693632685,17.11759938830379,-3.9649664816663206,-4.5120044080215855,6.006591627432618,15.572562127938763,-2.2917516058416196,-131.3076947070538
-2.0,-14.570314182043084,-9.238688293251066,17.25246117930135,24.73702117699133,-2.576493296285834,-147.6221918209278,-0.6893474198965794,2.99624464007566,3.074521395030484,9.755550391336547,1.7969316455114441,102.9565993613039,57.72023877487315,21.003609174745907,61.42294003541218,35.76661200593043,0.3489918098661995,19.995757789965314,-4.081271120875195,-5.4457847291676,6.805390898289745,16.657061518324234,-2.2139368477997268,-126.84923748742165
-1.0,-22.95971247545582,-1.7188851735362112,23.02396497555111,27.24360231873693,-3.066866779278779,-175.71852278155382,0.4166776672141914,1.4001763525323507,1.4608607382450451,3.29217634477231,1.2815525391779463,73.42755171917041,53.36919473941052,36.29024989814398,64.53877272464098,36.19641405123565,0.5971663754536077,34.215112980616446,-4.154975689068333,-9.405878303887336,10.282721898616504,20.24216180501471,-1.9867620873597032,-113.83308250231275
1.0,-26.254764693546345,4.495207695058356,26.6368083924332,28.5096437338451,2.9720219293834234,170.28431317399816,0.4302157541560918,-1.4227622816872767,1.486384238787562,3.4426218306786147,-1.277156902259642,-73.17570027547968,56.438654400029314,-41.57376502713736,70.09778633464525,36.91408606608688,-0.6348818908290587,-36.376052833790546,-4.16543560209121,9.47085908485943,10.346401575448024,20.295786613911623,1.9851490569115182,113.74066266540567
2.0,-17.500834814848332,3.5358137185278187,17.854444765064443,25.03492698223882,2.9422393435863667,168.57789670484053,-0.6842376933939214,-2.9834248213587524,3.0608830238610127,9.716934654263568,-1.7962438488997867,-102.91719151829254,60.427836801311855,-19.464987880671895,63.48550396492638,36.053491429701616,-0.31162443293762965,-17.854764800483736,-4.097222805980538,5.450934109402248,6.819084791003256,16.67452181310409,2.215355903214269,126.93054337357009
3.0,-11.75358451406231,6.876891281604385,13.617576239118755,22.681996307705884,2.612209388167432,149.66857314644486,-2.1747731593280264,-3.575674703347214,4.185103090569071,12.434123206508419,-2.117233192210847,-121.30852615869213,63.884056155205556,-20.678405011268435,67.14736826303402,36.54057991679166,-0.3130434032411892,-17.936065810132096,-3.9187004313297793,4.504146756493993,5.9702220289148,15.51980965153039,2.286799162214927,131.02394058896783
4.0,2.6094799582742807,6.326565551762809,6.843596812596941,16.70568830720519,1.1795915909159973,67.58561970860899,-3.56793328381036,-3.468663670968759,4.976120535117718,13.937817831977164,-2.370301171100638,-135.808253278983,67.99468707560241,-48.938148216465954,83.77481615238487,38.46226966859026,-0.6238484288274897,-35.74388202768268,-3.528244169882428,4.333933029685644,5.588513436336137,14.945925988657432,2.254074405837112,129.14895016292522
5.0,11.1596659830362,-3.455206965451254,11.68231997623067,21.35058194598004,-0.3002549574088443,-17.203341837407066,-4.558545410844256,-2.9344049176563236,5.421353012255783,14.682153747099356,-2.5696482738356474,-147.23000092385985,74.14001268984308,-67.22873495186617,100.08218765034249,40.007135796634586,-0.7365487564430155,-42.20113514979399,-2.9886343056128153,4.232753500354297,5.181518812804539,14.289141586169091,2.1855867238795126,125.2248950381205
6.0,19.163898330694632,-6.16620442412069,20.131494634756905,26.07752039348158,-0.3112999921770147,-17.836175714198486,-5.267523044872994,-2.1943117832080636,5.706295052851176,15.127084475451099,-2.746880715347594,-157.3846718152936,79.40344595482179,-94.02209586265353,123.06527430557459,41.80271048104396,-0.8694928869540591,-49.81827273911318,-2.4700641164862107,4.189839718167585,4.863740700683727,13.739408269109363,2.1034866692866583,120.52090841215629
7.0,13.292058838986717,-20.162158925365897,24.149357770151912,27.658111711615735,-0.9879405512839419,-56.604823998397734,-5.56557780360998,-1.267665574614749,5.708119856581449,15.12986167324408,-2.9176442934139897,-167.16870413305082,68.73952144246408,-122.77148810693764,140.70522413944303,42.966204446607314,-1.0603855905246276,-60.75561899354866,-2.002432571909927,3.995871138762891,4.469532678328244,13.00524233810558,2.035343860278162,116.61661305180341
8.0,10.964076588532492,-21.64103502125495,24.259954085496318,27.697799491670885,-1.101855890698984,-63.13169216867992,-5.4963068831156265,-0.34088812107739497,5.506867899675449,14.818093172516104,-3.07965069095672,-176.45098696636785,69.47440729471887,-143.43058897947026,159.37072229223983,44.04817081864355,-1.1197254524020337,-64.15554263601328,-1.6923251749886015,3.693986904253649,4.063188864266299,12.177340191555906,2.000390324597497,114.61392297824138
9.0,11.076845148416773,-21.95929408394223,24.594859119479917,27.8168867848615,-1.1036139624236754,-63.23242225858603,-4.869569566550927,0.5240074519357814,4.897682265435685,13.79981214152351,3.034396569370373,173.85811679389832,51.56526342416867,-169.35963068704316,177.0357616371776,44.96122007445953,-1.275241857603093,-73.06597629908035,-1.4847876633127417,3.5464042021872952,3.844681673483179,11.69720775051103,1.96729672055308,112.7177991376192
10.0,0.37435699002439987,-15.056561198619821,15.061214369491065,23.55719979945404,-1.5459380691400244,-88.57572675032705,-3.789557286631023,0.7839915773017632,3.8698045457023267,11.753780608561346,2.9375885305648133,168.31142474740102,41.425779017809354,-206.28610202653488,210.40449390765002,46.46110022849829,-1.3726152070357613,-78.64505825862483,-1.3426667157642318,3.4820531946498914,3.7319496727572066,11.438715568631748,1.9388243602944928,111.08645306202614
11.0,31.716686692554266,-2.9704145998429805,31.85547955452263,30.063682947309754,-0.09338224256945409,-5.350408380696611,-2.5692417082780747,0.3272808337249473,2.590003030824353,8.26600544586845,3.014890818941655,172.74051961809724,34.97194634848003,-221.92102643209407,224.65969599390797,47.0305033373506,-1.4144943743824834,-81.0445577971141,-1.317694590512279,3.613952515067564,3.8466832225995025,11.70172846571747,1.9204297638571846,110.03252032032199
12.0,59.33473774162431,-24.943333746002413,64.36443894909516,36.17291975907414,-0.3979537842187298,-22.801072276993082,-2.1736814107216835,-0.8441555882128822,2.331842518788103,7.353984339143048,-2.7711669830881767,-158.7761724569537,25.70662979905337,-230.20236979094219,231.6332486345414,47.29601796312225,-1.4595873617080133,-83.62819565650386,-0.9777475929646637,3.7671402826942093,3.891957896103914,11.803362666928114,1.8247394339129421,104.54986827430258
13.0,70.10839373727993,-49.601216724887855,85.88054245875934,38.677895579304206,-0.6157373207984264,-35.27914977044267,-2.6180343253926806,-1.8036542990987816,3.1791936964569842,10.04633977339317,-2.538331835763114,-145.43570119292087,5.591637948336882,-244.2995769328161,244.3635605087187,47.76072888821269,-1.5479118753588454,-88.68881751624218,-0.4723045089010689,3.835302653266798,3.8642745750378067,11.74135955045491,1.6933260278247833,97.02043473401228
14.0,65.17528491382879,-85.7779704623051,107.7296522793555,40.64670516138128,-0.9210439211146124,-52.77192942604762,-3.224071755799811,-2.181106199871583,3.8925393950048006,11.804660332043348,-2.5468086100505474,-145.92138458347583,-1.191725645667907,-267.5312914953862,267.5339457698851,48.54757789725444,-1.5752508253946726,-90.25522396961411,-0.01966416974375118,3.6968040609180437,3.6968563597185984,11.356651530296343,1.5761155116804928,90.30476684439444
15.0,52.923873441450034,-97.3632768020077,110.81761615226613,40.89217607239689,-1.0729022478728258,-61.47277063321183,-3.7661729966269832,-2.247880113367957,4.386003197057363,12.841378878174655,-2.603484764706926,-149.16868904431706,-0.4452888098511346,-288.71942886736105,288.7197722491817,49.209530529341386,-1.5723386146088327,-90.088366582533,0.27143102512174017,3.5290575123164567,3.539480431735124,10.978790312882358,1.494034277211293,85.60185853208556
16.0,36.122732182024656,-115.9384443033217,121.43547524413412,41.68691153579853,-1.2687605848492929,-72.69462672441446,-4.121808263683808,-2.171266009693915,4.65872294168952,13.365337666902821,-2.656755106253274,-152.22085478814319,-3.480233807071001,-310.9738009504325,310.99327469402147,49.855019948070094,-1.5819872647788473,-90.64119351527302,0.46133076877282053,3.320774361962521,3.3526658708084986,10.507805469442609,1.4327571827767431,82.09093964016127
17.0,21.029027519571194,-123.15971745416543,124.9421306117706,41.93417815210488,-1.4016812255636275,-80.31041844752062,-4.415559930322362,-2.075433707145815,4.8789952419556055,13.76660789168401,-2.7022094068938984,-154.82519437556977,-18.329590555266982,-311.46985187893034,312.0087218643199,49.883334688356214,-1.6295772162549456,-93.36789688208583,0.6333540606508806,3.0999115833368345,3.1639515152177724,10.004596393891322,1.3692565469024904,78.45262120816956
18.0,8.005714563575859,-136.42341825901522,136.65811543829975,42.712708547199114,-1.5121807026610892,-86.64157212360766,-4.60213991739232,-1.955583885375325,5.000399999199607,13.980094928707743,-2.739781929534585,-156.97794134854084,-30.08273641379548,-326.432098585649,327.815323035963,50.31258499777272,-1.6626929449341914,-95.26528837090696,0.7634079156507132,2.888020189959275,2.987214800326648,9.505329046943864,1.3123710603362124,75.19332291237369
19.0,-0.3119385058374315,-139.81528286494986,139.8156308437557,42.911114531157295,-1.5730273989771957,-90.12783101983479,-4.762355256122712,-1.828392703559973,5.101279002755188,14.153581538427751,-2.775019376825159,-158.99689835910542,-44.487530307000995,-341.9377019932665,344.81956498617103,50.751837992500725,-1.7001737952885545,-97.41278290877338,0.8591906736269233,2.71810014264971,2.8506625544107917,9.09891621970077,1.2646353742019876,72.45826956472143
20.0,-4.001647983680438,-172.6198085663218,172.66618515522626,44.7441458783431,-1.5939740340425494,-91.32798480408029,-4.792642527426642,-1.7553303899088815,5.103979542811285,14.158178500539629,-2.7905105848292817,-159.88447919730092,-40.0095719509723,-360.2793265673528,362.4940813303374,51.186018399295605,-1.6813946972072582,-96.33681984565288,0.9016805579697375,2.5106586306346315,2.667664631883247,8.522624618253772,1.2260013628341173,70.24470376768203
21.0,-27.060145089295123,-155.54911569896453,157.88533448988719,43.96683583057588,-1.7430378414905299,-99.86871184900033,-4.941091427367731,-1.62202962075567,5.200515799823673,14.32092840311114,-2.8244027960052236,-161.82635985604853,-72.4979865554182,-359.6352348499175,366.8698136943743,51.2902395834271,-1.76971791173831,-101.39736727131069,0.9498470009184924,2.388647523736264,2.570573149670174,8.200599338121307,1.1923169772817324,68.31473064003892
22.0,-33.33637448988693,-163.0166849291185,166.39036459305407,44.422563467311996,-1.7725118762580958,-101.55744964640371,-5.022252574087333,-1.5133542938805915,5.2453085835567075,14.395420859909727,-2.8489163188178237,-163.23088125420816,-87.3767546693787,-370.15806921278795,380.33103141854184,51.603235223668655,-1.8026055143421493,-103.28168809881414,1.000786329453124,2.2352325685225645,2.4490483687759697,7.77994725075938,1.149829631075837,65.88038501972994
23.0,-45.38677970005582,-173.089866057202,178.94150302051654,45.05422161764816,-1.8272381215502207,-104.69303253024016,-5.047341499996253,-1.4348100097560876,5.247317026984427,14.398746074935602,-2.8646283755257453,-164.1311157910423,-102.02889039427814,-381.72530492538056,395.12542678934545,51.93469955890312,-1.8319745481189253,-104.96440978260057,1.038615886993818,2.0995431734026555,2.3423928999417774,7.393194859690439,1.1114084606105223,63.67901410811473
24.0,-50.50700617679206,-174.19798574500325,181.3722578305703,45.17141718783472,-1.8529986258539821,-106.16900070497428,-5.101858186137512,-1.3561912992913228,5.279035119387995,14.451091024090701,-2.881778073478628,-165.11372110366662,-119.21627093119434,-394.24937339415186,411.87994328010353,52.29541288526312,-1.8644424845287046,-106.82468550838006,1.1127318601985814,1.9936006052105992,2.2831153203018597,7.170556965730073,1.061716050666233,60.83184874447303
25.0,-85.29424481066712,-165.61954752657917,186.29262658712727,45.403913319514295,-2.0463726481775213,-117.24851605158165,-5.155963954113022,-1.3644159240253928,5.333441207123864,14.540150240668437,-2.882893912113744,-165.1776539480764,-154.12304253631274,-446.22532077842936,472.0920981593128,53.48053462609906,-1.9033609140717418,-109.05454726647335,1.2806352719845644,1.8538812451786115,2.2531982538329776,7.055988119941958,0.9662810372178752,55.36382525610787
26.0,-81.2851121143637,-175.60945715769083,193.50956279900876,45.734048634460024,-2.00430483011651,-114.83820762336148,-5.202536489319136,-1.2527773023843976,5.351246293347617,14.569098800386737,-2.9052901968828886,-166.46086654212152,-152.71467967743172,-422.29111345403095,449.0562970176744,53.04601581567784,-1.9177973798952097,-109.88169582924291,1.153318486930134,1.7537576622683313,2.099002017688334,6.440257121057141,0.9890780524612304,56.669998015047526
27.0,-88.89069884061861,-183.33774063742496,203.7505422873992,46.18197546599358,-2.022247974572591,-115.8662740718885,-5.228091776864385,-1.1951263752319583,5.3629535407359334,14.588080693729333,-2.9168571327530173,-167.12360314937837,-166.36562927284086,-430.1923314773327,461.2406797597667,53.27855207028872,-1.9398056069170326,-111.14267435215913,1.1789995125828745,1.65498964876166,2.0320016211063656,6.158481001738306,0.9518026610777451,54.534275409075505
28.0,-100.80359784564317,-193.1551748759465,217.87677003293314,46.7642185668969,-2.0517934138966942,-117.55910304901946,-5.209649753786472,-1.1480866603341051,5.334655896753283,14.542128224184802,-2.9246828407128946,-167.57198318718127,-191.28809002451652,-440.9084698996075,480.61565956015266,53.63595834016779,-1.9801389649559908,-113.45360554138149,1.1912422248892152,1.5461311766100951,1.951814451643579,5.808770585696719,0.9143248335810596,52.38695406819608
29.0,-111.82338426520629,-186.26887118652135,217.25690240271967,46.73947166354581,-2.1114607782861397,-120.97779120320385,-5.272937684696013,-1.102595923607025,5.386983348539532,14.62691266240017,-2.9354581219639946,-168.18936132593575,-202.58664000340602,-440.8008296476661,485.1254663753908,53.71708146514587,-2.001594721449727,-114.68292983473299,1.1786836229867836,1.4639034017246662,1.879443601888149,5.480585959802049,0.892913985733462,51.16020285073198
30.0,-113.33117561633102,-182.53398997357075,214.85486464646615,46.6429038246013,-2.1264253699669156,-121.8351991486489,-5.284192696937451,-1.0396417692517874,5.3854941710803175,14.624511203474668,-2.9473282545021453,-168.8694698226327,-218.30843257073033,-440.50319307179177,491.63160479970503,53.83279587928097,-2.030908723066767,-116.36249840802905,1.2121658785868583,1.4273381140976151,1.8726025230053458,5.448912083709008,0.8667382504420134,49.66044369288032
31.0,-125.43632466255649,-187.25359148530788,225.38451381804572,47.058481446764304,-2.161016151554081,-123.81710494365231,-5.333818654717148,-0.9760887944097958,5.422395298756907,14.68382349916077,-2.9605953957185194,-169.62962102053498,-232.88546759281624,-454.8803799166046,511.03013712402446,54.16893025321183,-2.043974642028391,-117.11112041999004,1.2038377858194043,1.310088993230851,1.7792016706239884,5.0045035538670435,0.8276380604892983,47.420167830429925
32.0,-146.2712870906746,-192.18195971418348,241.51437859213806,47.65885983279282,-2.2213689320676426,-127.2750645489588,-5.320990342383471,-0.9673301707085735,5.40820357262014,14.661060614298895,-2.9617614608280256,-169.69643162994717,-239.18973929530068,-460.123932625427,518.5805287116384,54.29632412325809,-2.050187808115837,-117.46710861421454,1.1720104735996997,1.2802196861239812,1.7356759475682024,4.789372903908935,0.8294964140364389,47.52664364552425
33.0,-154.30223014175095,-198.2359080341228,251.21037689719557,48.000751501948955,-2.232212619211096,-127.89636205663894,-5.330376796744848,-0.9462236733859479,5.413710006580687,14.669899768568271,-2.965907432834401,-169.93397832789185,-258.7211355325199,-462.54311744608145,529.9837369844249,54.48525086196716,-2.0807858064879556,-119.22024478248508,1.1884209206712497,1.2199974693415463,1.7031553393301733,4.6250852074878495,0.7985083188816504,45.75115657800507
34.0,-163.62301518719377,-204.38320554107992,261.81097342585923,48.3597569083454,-2.245884591220153,-128.67970835037892,-5.316768918885644,-0.8901939585836783,5.390777033111951,14.633027388597766,-2.975700022915194,-170.49505241002296,-264.7299496112656,-462.0156135151081,532.4850921414843,54.52614906883257,-2.0911181122944242,-119.81224229783425,1.158137598637388,1.2078879119797776,1.6734024935096883,4.47200823570561,0.8064220209090496,46.204578304499165
35.0,-180.26722390307407,-204.78321170202733,272.82308518290455,48.71762231553687,-2.2926107667442692,-131.35692100069826,-5.314256234850519,-0.8783689684329926,5.38635789512298,14.625904132319638,-2.977788211420418,-170.61469679820004,-280.2050500669093,-469.5128179580239,546.7697470689866,54.75608953838104,-2.108859250139943,-120.82873462014228,1.1792072191673213,1.138200758263607,1.6389114167178702,4.291109611125838,0.76770504149724,43.98625878870757
36.0,-194.39125768217318,-210.1090388062391,286.24075400148513,49.134629344444505,-2.3173567495973857,-132.77476137808495,-5.315892708878776,-0.8729941881216412,5.387098861614171,14.627098911919811,-2.9788221072740013,-170.67393466706645,-293.62962548674574,-475.577320131859,558.9205170570207,54.94700104295696,-2.1239242623887606,-121.69189624031243,1.1707229949503168,1.1212883400316114,1.6210736788919515,4.19605508548385,0.7638332649973887,43.76442233604816
37.0,-199.2356969838597,-227.15217005458223,302.1472675917328,49.6043734229423,-2.2908157851962363,-131.2540761336921,-5.267216470063573,-0.7981431826159768,5.3273447309579405,14.530216015323665,-2.9912063631285735,-171.38350025994362,-297.0488621170857,-469.9602161461767,555.9681926560337,54.90099891980272,-2.1344652252387384,-122.29584892362035,1.1438950014141942,1.133404428037454,1.6103109549882866,4.138194949156667,0.7807916109887024,44.73606398887304
38.0,-212.1645154570286,-222.96642178776705,307.77882783576285,49.76477482645551,-2.331375091444466,-133.57795320169427,-5.294536602239754,-0.7666524978209144,5.349754563049741,14.566677156842378,-2.9977914534531975,-171.760798143257,-306.78946024443127,-467.2857326595812,558.9952851896616,54.94816289745124,-2.1517518950416625,-123.28630214516416,1.1302451876611381,1.102543653186966,1.5789416364812292,3.9673215435148474,0.7729921029726231,44.28918509727324
39.0,-244.17190940719013,-229.0863541781325,334.8140961999387,50.496074683734875,-2.3880596474336744,-136.8257390234489,-5.268146795327423,-0.8268453951185047,5.3326394932104,14.538844494203094,-2.985910859988706,-171.08009027963092,-312.4956907417535,-475.41997564716195,568.9268054649154,55.10112792799191,-2.1522893961822342,-123.31709869200238,1.1520541920401666,1.1248242519447786,1.6101113188722238,4.137118061017998,0.7734394037692541,44.31481354509304
40.0,-223.1588684118746,-217.93141810712677,311.919835132445,49.880859852608054,-2.3680451378977834,-135.67899209801803,-5.359264088813221,-0.6042738039804701,5.3932233778900756,14.636968167587769,-3.029313731195574,-173.56689161853433,-346.90050125318555,-464.5613749229755,579.7906767446651,55.26542454908257,-2.212199394187323,-126.74968872833114,1.1415280806420642,1.0903776549436512,1.5786100814624144,3.9654974401777014,0.7624843492008986,43.68713515399075
41.0,-285.2844672914491,-237.0741653616324,370.9331303074457,51.385912491168284,-2.448227258032071,-140.27308917412364,-5.2630523499017485,-0.8486143127958066,5.331028633358502,14.536220303195586,-2.9817286234185536,-170.8404657752359,-307.318358802839,-480.11149051099727,570.0452762526515,55.11818702382822,-2.1401789700325375,-122.6232223855199,1.1897535514732034,1.2362632153115478,1.71576812267146,4.689171895793257,0.8045670198346602,46.09829457194442
42.0,-304.5856171322188,-235.5174009152944,385.020576460155,51.70967879818615,-2.483383877326695,-142.28741508165382,-5.2738725664259185,-0.8540695169968971,5.3425805175741825,14.555021522008653,-2.9810429548024797,-170.8011798573903,-318.99399059650705,-465.93232480320694,564.6681302616657,55.035865538974235,-2.17113620975143,-124.39694156678719,1.1387579917200281,1.220402369514946,1.669176955036202,4.450047602632616,0.8199917451489601,46.98206623260241
43.0,-326.1389447144922,-233.68647533759034,401.2181202478133,52.0676107773927,-2.51986243727517,-144.37748260941638,-5.281456487511845,-0.8496364682042935,5.349361154155103,14.566038392605535,-2.982087642350357,-170.86103604479354,-326.35474780274467,-467.4682950905879,570.1175565866166,55.11928830337634,-2.1802677467755345,-124.92014009873583,1.159623677352403,1.2230839826981303,1.6854262077614166,4.534194855163242,0.8120255619351601,46.5256375556237
44.0,-346.24450109749,-236.2820510016415,419.183089074204,52.44807507541515,-2.542767223293584,-145.68983017892177,-5.30575093546281,-0.8597627400335845,5.374959065733854,14.607503222567361,-2.980945483888327,-170.7955951853841,-328.10566991008676,-440.8179761567406,549.5214451957917,54.79969291056642,-2.2106465239805315,-126.66071581935039,1.0905668561797128,1.2360062793626647,1.6483469265969588,4.340972453654437,0.8478292192569286,48.57703601129371
45.0,-378.415097194821,-248.01637922530082,452.44901386674945,53.11139291971213,-2.5614248855518276,-146.75883548189964,-5.23248220931824,-0.8929644633890588,5.3081310838851365,14.498832783866973,-2.9725631382751057,-170.31532215932648,-324.80860009969433,-435.48748021181956,543.277067544695,54.70042746533508,-2.211636528585809,-126.7174389049313,1.0714830971812264,1.3390656768544404,1.7149848146484312,4.685205578612645,0.8959504076922801,51.334177013793095
46.0,-408.0123729268396,-244.28274984436777,475.5503741276169,53.543930553624655,-2.6021192239338298,-149.0904493212656,-5.2546033003894985,-0.908437453055778,5.332552339225438,14.538702535219738,-2.9704007314580547,-170.19142537511917,-343.1760026410927,-430.97373135446304,550.9157157917244,54.82170323052224,-2.243265197206924,-128.52962812853906,1.106424943094436,1.2681356639495365,1.682956986046363,4.521460323539845,0.8533944993338932,48.89590307151202
47.0,-439.2910711821273,-245.76356057966944,503.36504937186265,54.03766114947964,-2.6315193629123512,-150.77495320183294,-5.239277301587265,-0.9207299022088642,5.319564850224976,14.517522153887954,-2.9676328974069377,-170.03284016559755,-331.4108976347247,-406.97424100771167,524.8439919774798,54.40060460175538,-2.25421355651398,-129.15692290942613,1.0303359589991565,1.348998887062412,1.69746581282285,4.596020725891429,0.9185353213245229,52.62819724558808
48.0,-494.7489456826163,-234.43601689217277,547.4822054371516,54.767400161346586,-2.699084304711485,-154.64613920997036,-5.273428364845536,-1.0699055477716741,5.380868387194586,14.617047391890043,-2.9414235016021895,-168.5311524023976,-322.91248250091445,-367.80388300913927,489.4406682239472,53.79400105149852,-2.2912932442626928,-131.28143252309033,0.9433698633146725,1.4170270202649142,1.702325549115446,4.6208523448721985,0.9834363699096234,56.346753415487846
49.0,-681.2726454764289,-227.60369287969922,718.2867522702396,57.125957131840444,-2.819164799607916,-161.52624476937808,-5.285317180349088,-1.805054473063903,5.585051418529756,14.940543515660835,-2.812490088823808,-161.1438120119782,-280.1292819875982,-291.580641592632,404.3410505729763,52.1349567031167,-2.336167151035248,-133.85251799142125,0.6279108478306213,1.629679117971055,1.7464610102645537,4.8431778891845205,1.203028651129267,68.92846434302331
51.0,-372.3726066870359,-172.7710495073172,410.50114952184697,52.26628755214432,-2.7071792553111713,-155.10994571469928,-5.409012662645357,0.0836960927700708,5.409660157588718,14.66339965954434,3.126120437267064,179.11350730499422,-336.7258674153071,-560.8526420188338,654.1712282316436,56.31382878125726,-2.111496709911635,-120.97984993369579,2.1561845314213564,1.32917467783709,2.532950267522848,8.072533256905059,0.5524255885590165,31.65165471946214
52.0,-455.0887585778834,-108.53366911998039,467.85183072913634,53.40216666467185,-2.907476855618113,-166.5861528588853,-5.597116546426473,-0.12012167238262637,5.5984053846123905,14.961286856971835,-3.1201345984964792,-178.77054400659392,-302.73018970830026,-480.7909365060614,568.159741962768,55.08940915434049,-2.13273273928112,-122.19658479018315,1.8665267665606142,1.4263690834730702,2.349138338322166,7.418171853652634,0.6525169651296079,37.38646816261164
53.0,-534.9939722522545,-43.220090238363255,536.7369248956684,54.595229473350614,-3.0609815904535322,-175.38132630022963,-5.7451554989750875,-0.3163063537175222,5.753856221422791,15.199180108949017,-3.086591994417523,-176.84869435899142,-284.4619784223353,-433.7938596432998,518.7443781210357,54.29906806180569,-2.151205780021368,-123.25501205937258,1.7330383562873195,1.4380962028766353,2.2520085774906033,7.051400806621193,0.6926565710069122,39.68629817069969
54.0,-564.8833392135034,60.29774379955781,568.0924263078281,55.08837998781085,3.0352516139091574,173.90710723726636,-6.011639469043258,-0.2890991701816042,6.018586830474277,15.589890609961296,-3.0935397688933897,-177.2467725134673,-238.35358555109485,-416.14034689459396,479.56774292962626,53.61699927090488,-2.090954678060778,-119.80287820601838,1.7163340513841374,1.5223076034166532,2.2941715313726743,7.21251772504184,0.7255598623898857,41.57151789903324
55.0,-567.4268561048161,120.55735962303027,580.0925046820312,55.269945080554706,2.932242413599165,168.0051148084861,-5.999771889549767,-0.1573799429831748,6.001835650289415,15.565681977226006,-3.1153676795554275,-178.49741966999068,-211.40835191369277,-392.1392074746962,445.49595878946707,52.9768753758352,-2.0652445808579962,-118.32979814542787,1.6215694604254294,1.4808234108107243,2.1959793917497326,6.832565202889239,0.7400623161058751,42.402447289543254
56.0,-536.9072409319988,204.73672428597519,574.618579265031,55.18759328038043,2.7772874134847827,159.1268472874828,-6.078167332399643,0.03687800865200708,6.078279206171129,15.675612910977204,3.1355254372518258,179.65237411044166,-160.04779885961597,-408.21707711781335,438.4706147171312,52.83880986538327,-1.9444438878770616,-111.40842827536468,1.709440493434564,1.5482717192973716,2.3063677324680567,7.258571067406212,0.7359654740169748,42.167715528517704
57.0,-514.1798745347234,262.6201152518939,577.3649351246245,55.229008090225264,2.669377842516667,152.94408430194233,-5.993312931710255,0.10437165803003487,5.994221662601853,15.554655976946815,3.124179728524165,179.00231288476195,-160.07628084251968,-456.9512603520343,484.17855180262353,53.70011094209449,-1.9077505728376056,-109.30605618725995,1.8647800472298093,1.3392384241795314,2.2958580490407687,7.2189006499186,0.6228200943216379,35.6849628005697
58.0,-463.05921900640476,334.17490705945124,571.0487797158964,55.13346415639164,2.5164721055012182,144.18323090761984,-6.024735982775882,0.19749142958777333,6.027972007807858,15.60342453813785,3.108824290197955,178.12251107609669,-168.00154681867494,-495.3200635923723,523.0358354172487,54.37062890510103,-1.8977976054704226,-108.73579316348894,1.9037637626463564,1.1514557628001951,2.2248970397866037,6.946198363982663,0.5439642989870463,31.166858537750198
59.0,-384.78718921806984,385.75667622122234,544.8572237160737,54.7256542629345,2.354936305506098,134.92791132763008,-5.9770047362478556,0.37284284680842855,5.988622329513317,15.546538506198534,3.079293828980236,176.4305402812466,-158.6761495334126,-535.4286368794909,558.4460095849729,54.93962384007119,-1.8589043583101899,-106.50737424964842,1.9176958158158983,1.0658919785740697,2.194010700061955,6.824774825453259,0.5072998760316128,29.06614184412128
60.0,-305.95703801053344,412.4184647857171,513.5160165022965,54.211079874735624,2.2090678797084595,126.57026616520817,-5.9307285092154025,0.5577275534561463,5.956895220994283,15.50039922257718,3.0478280985354034,174.62768672746142,-192.57619053032158,-600.9460175297254,631.0481004994847,56.001249276335614,-1.8809120046950467,-107.76831950451707,2.061282429583634,0.8201846620825863,2.218465265544118,6.921052667356513,0.37869488293440795,21.69761851534236
61.0,-233.77238126023178,386.7343766416185,451.8993298473238,53.10083394572892,2.1145018920627643,121.15203418762354,-5.703834199163924,0.5687857157814091,5.732123669463957,15.166311032923417,3.0422013459616024,174.30529755261824,-215.55451430796992,-631.010634105562,666.8119442487875,56.480067410248324,-1.8999701583101858,-108.86027127197652,1.957502495243913,0.7389907404343927,2.0923487599666357,6.412681518866492,0.36097564823644646,20.6823811509474
62.0,-168.45597489374416,365.34650387920556,402.31266867221586,52.09127417107766,2.0028306197662347,114.7537415921762,-5.565765483148996,0.6360612943215356,5.601992447651707,14.966850379842384,3.027805291238328,173.48046437533526,-262.78694820867923,-663.8704260043278,713.9894415689904,57.07383579008288,-1.9477119842068102,-111.59567640210147,1.9460587887854728,0.5795829805363708,2.030532255527256,6.152197855208472,0.2894592553562367,16.58479367291193
63.0,-126.32965520645043,343.5898679015398,366.07810520321783,51.27147509804716,1.9231303077694581,110.18725008888502,-5.486028255883794,0.6398111636112084,5.523211416326277,14.843833347495774,3.0254915732850414,173.3478981016283,-306.7023839041988,-686.0814120376717,751.5145083337541,57.51874738517763,-1.9911817981411908,-114.08631327676046,1.8973625202131614,0.4477821966994698,1.9494854266679302,5.7983998595608055,0.23176173175284698,13.27896908208125
64.0,-84.13740616702157,309.792221402138,321.0145223471762,50.13049359716788,1.8359923483003804,105.19461277592484,-5.384183152401055,0.6959572168628463,5.428976392129812,14.694359062658469,3.013045839785273,172.63481009914696,-342.7995534824772,-704.0437872695625,783.0639745644379,57.87594488778338,-2.023909848387032,-115.96149242753926,1.8738960398475206,0.36350991459476806,1.9088283909678514,5.615337717105571,0.19160639981364386,10.978238037018036
65.0,-61.50315009282009,278.3822316132974,285.095254869911,49.099799779302955,1.7882340850079756,102.45826585239548,-5.304735582897246,0.6286503907341219,5.341855568828715,14.553842830919086,3.0236354037741426,173.24154742259293,-373.79764858570326,-702.4683579716257,795.7301527776568,58.01531630378381,-2.0598087467853112,-118.01834779492961,1.76060687876167,0.3098815186903814,1.7876697505883927,5.045745828970664,0.17422388938789518,9.982293552280485
66.0,-48.68203853105354,246.31347726238943,251.07821481886597,47.99618064259785,1.7659241413336644,101.18000023868287,-5.19661352459736,0.5885774429157252,5.229838958355927,14.369766318170782,3.0288115441649253,173.53811842115195,-414.85938568785537,-700.4628703447086,814.0986074333089,58.213540237108205,-2.105508643175999,-120.63675898230116,1.6983540330702502,0.21170551523166053,1.7114980709382897,4.667528279453633,0.12401366047867289,7.105459347396293
67.0,-33.207404036168334,223.47001621254847,225.92383634503466,47.079241081178296,1.718315748445342,98.45224025678134,-5.1607709257828756,0.5899792884682921,5.194384670894849,14.310682164475562,3.027766811273888,173.47825963577702,-445.5494270903087,-702.8014015237369,832.1322623022322,58.40384720424841,-2.135814330128832,-122.37314693994318,1.6566285320743168,0.1616301341861808,1.6644946360862054,4.425647999202887,0.09725788516055088,5.572466344067604
68.0,-26.573922832035873,197.69985469737432,199.47783315959174,45.99789284042083,1.7044109622947148,97.65555469531844,-5.109027076610178,0.5623740588642893,5.1398854317600735,14.21906877325597,3.0319594295282575,173.7184789668619,-463.3347719319399,-688.6310993826592,829.9951216231289,58.38151079551227,-2.163056832581911,-123.9340273538794,1.5852319695799597,0.16492741289251733,1.5937883952713978,4.048613206116143,0.10366695617229506,5.939679063640186
69.0,-23.243666349703155,180.3832867944863,181.87467712729617,45.195444707002885,1.698947256320166,97.34250740247639,-5.0898344026258675,0.5185126868620935,5.116177249919198,14.178911643921017,3.040070671996421,174.18321892689494,-488.84319940179967,-691.5466517085794,846.8792387883498,58.55642972569447,-2.1861274374190787,-125.2558756418632,1.5435948792380523,0.13521090003658004,1.5495054497156953,3.803862160422362,0.087371801719054,5.006035486955665
70.0,-15.915053736711448,157.77474708718867,158.57540715340684,44.0047167030455,1.6713282674144452,95.76005590375995,-5.039173701071125,0.4983394767672726,5.063754913468022,14.0894535519386,3.0430200676583903,174.35220685043998,-519.0347020930573,-683.2179622504735,858.011541832928,58.66986259894701,-2.220471033160766,-127.22361873116536,1.4373983576600942,0.09275149137140656,1.4403877525706599,3.169588399311347,0.06443800310517887,3.692025618177643
71.0,-28.564538261914134,134.74927798815742,137.74360516715862,42.78142891198901,1.779686877539974,101.96854693785629,-4.987155545056302,0.4241225166619384,5.005157374121764,13.988354745749998,3.0567538179983855,175.13909278180807,-535.676468554952,-680.7259744612976,866.2200247453227,58.75256438528752,-2.23751023984479,-128.19989336041104,1.4555162436732094,0.0620394703047988,1.4568378192071587,3.2682241425547702,0.042597903535158146,2.4406800886699713
72.0,-31.83086184801232,126.88943829990531,130.82099723688364,42.33354910793926,1.8165796212884089,104.08234544929927,-5.001652971177958,0.38922479941502475,5.016774699801951,14.00849195147045,3.0639299387415373,175.55025421366696,-555.6002446672971,-672.4769220203711,872.3054754639298,58.81337197104145,-2.2613098047119826,-129.563507981549,1.4108645999441796,0.0656980786070126,1.4123934143532046,2.9991136777258776,0.04653221453085549,2.6660995040153415
73.0,-34.51757561097589,108.85856483722561,114.20004450296807,41.15332546302841,1.8778541227417977,107.59311577434667,-4.962067529485667,0.365681964657176,4.975523838396468,13.936776226855464,3.0680301512294506,175.78517908433122,-576.8517129044458,-664.1657103379414,879.7010796114185,58.88670249916315,-2.285953450991563,-130.9754849051822,1.365233979777907,0.01317067754658115,1.3652975083428733,2.704545952855857,0.009646895091508787,0.5527263741489236
74.0,-37.804016270417335,100.18891702393638,107.08390514266458,40.59448401364966,1.931605830630563,110.67286177799298,-4.955998039627873,0.33647300457003637,4.967406833711097,13.922594608804214,3.073804600658243,176.11603066561275,-587.1337681655357,-655.737666057921,880.1806339651824,58.891436176731595,-2.3010525432586397,-131.84059916656435,1.3201574928005528,0.02875512815472682,1.3204706218589781,2.4145748672925818,0.021778145486929752,1.247795822022956
75.0,-53.41410279331997,85.97341227221837,101.2150877831175,40.10490512212017,2.1267206544180812,121.85211770145654,-4.937164407149548,0.222019703487332,4.942153896021546,13.878325299477067,3.0966538569166002,177.4251966142295,-614.0078498998691,-647.1700100502198,892.0956572291235,59.00822850410058,-2.3299059534705813,-133.49377779626826,1.2908856302595109,0.1038091362252476,1.295052912885928,2.2457502610855413,0.08024430973262615,4.597660277620034
76.0,-44.69109571483285,74.73037999750434,87.0742426367508,38.79779411391518,2.1097668918497883,120.88073865942647,-4.927425732714572,0.30076859795416067,4.936596611121174,13.868552814912569,3.0806285908109126,176.50701650079955,-625.3427305625331,-652.3389845349192,903.6590515296433,59.120092061511784,-2.3350685420473085,-133.7895723330772,1.2985526133944796,-0.02282149995876555,1.298753136902468,2.2705321905198743,-0.017572757983076177,-1.0068448668350898
77.0,-47.27718682149667,70.80539050874111,85.13833284044283,38.60250283336333,2.1595181505165626,123.7312758064963,-4.92024498378284,0.27938469803175736,4.928170706249379,13.853714857713866,3.084870883091768,176.7500819439535,-633.9302356762182,-647.9935699065533,906.5115610651332,59.14746694358422,-2.345224438752593,-134.3714623514608,1.2910625860235645,-0.030602943947057024,1.291425236398949,2.221385378452604,-0.02369924946896206,-1.3578669721991834
78.0,-48.410387582191554,62.361038822688776,78.94596119436954,37.94659833581208,2.2309131954076693,127.82191055690376,-4.912965922009208,0.2682492171042151,4.920283710651329,13.839802910704579,3.08704655455187,176.8747387362244,-646.4317488943201,-642.0936345179039,911.1302000630759,59.19160883756328,-2.359561205386115,-135.1928985714256,1.2700643584168918,-0.03134640951688294,1.2704511292885339,2.0791592722058327,-0.024675951850384067,-1.4138278964950413
79.0,-49.66157183513618,50.07335844519211,70.5238466273436,36.9667198455091,2.3520657033269665,134.76343793810477,-4.882748939845012,0.26352672257053333,4.889855165857814,13.78591991621363,3.0876739902738968,176.91068815501228,-659.8633653131373,-638.5856306793651,918.2653584844314,59.25936401776036,-2.3725800628258273,-135.9388241568036,1.2561822641175056,-0.05491828487491861,1.2573821609586264,1.9893458905682686,-0.043690583836649075,-2.503286058302484
80.0,-51.359317592886036,31.292900917184337,60.141708916688174,35.58351528691061,2.5943676696530895,148.64631797631262,-4.817258035506713,0.2582343938986343,4.824174539011434,13.668460244492135,3.0880378175547505,176.93153392267692,-682.6362746362677,-637.6382493119891,934.1171342154795,59.40802676558274,-2.390263627582503,-136.9520177841074,1.2205467115233648,-0.09817494681711232,1.224488707662526,1.7590956875818908,-0.08026242592412172,-4.598698258933581
81.0,-59.347691957600915,37.6855063183598,70.3018202265448,36.939331394880206,2.575837962961938,147.58464398729433,-4.8549106136680855,0.22763831248060076,4.860244465869597,13.733162288570984,3.0947387094763994,177.3154667487607,-684.0924942333451,-628.8328645288533,929.2003616970683,59.362187403601624,-2.398258598072206,-137.41009585049903,1.2376823797158591,-0.0663776237240736,1.2394610368988477,1.864657580918387,-0.05357925030310649,-3.069864911843039
82.0,-60.99387978074282,31.55390512115856,68.67242750262135,36.73564799094794,2.664178117453048,152.64616200116856,-4.8438056704175025,0.21979003023683194,4.848789645897238,13.712666872214887,3.096248272162978,177.4019583196121,-703.2687186689384,-624.7310933238537,940.678387985962,59.468823325140775,-2.415265473595195,-138.38451804067063,1.2260864039681945,-0.11951763121008295,1.2318978586578222,1.8114940062396354,-0.09717195824835231,-5.567543094652035
83.0,-63.957450901413736,21.796817022316603,67.56964376190761,36.59503258520496,2.813135569266397,161.18079531709682,-4.826150020857267,0.20285601637320214,4.830411430426957,13.679682467428908,3.0995847017133524,177.5931216514913,-718.8790389990615,-619.9552840104362,949.2795304254037,59.54788232327002,-2.4299484403032716,-139.22579006377453,1.2123122827951334,-0.1365129842515846,1.2199741250884055,1.7270123929950816,-0.11213310477478222,-6.424753647293281
84.0,-71.7142451022094,12.861352661436564,72.85840612353256,37.24959332457797,2.964137455521515,169.8325660980296,-4.797219022248099,0.18248403637166036,4.800688572585134,13.626070671790469,3.1035714389445226,177.821544868865,-729.9928795090508,-608.6892043453626,950.4694374994423,59.5587631323145,-2.4465619470376763,-140.1776738825681,1.1669184847684286,-0.16882619386998476,1.179067866507637,1.4307760713929003,-0.1436799982136823,-8.232257498091203
85.0,-77.49551163813804,3.2883502753109997,77.5652471896398,37.793343617319664,3.0991853098361277,177.5702381825545,-4.781813427288202,0.15788124825744565,4.784419101828881,13.596584312748654,3.108587619388151,178.10895083756097,-741.3713179029478,-605.9210295871161,957.4819711645043,59.622612104040655,-2.4563930028357137,-140.74095188795326,1.1677803974632206,-0.1721524077937821,1.180401418250823,1.4405944526502084,-0.14636427972635177,-8.386055499792157
86.0,-85.07467239241248,-1.786182582112519,85.09342119631197,38.597919697911976,-3.1206002695375723,-178.79722499189,-4.7633790325007395,0.1286569329844731,4.765116201486869,13.561469915013479,3.114589624870566,178.45284042031773,-752.3697261548449,-593.9545184906326,958.5625565761243,59.63240921103794,-2.473320905632637,-141.71084927422467,1.141625237086544,-0.18996671046290334,1.1573225708664825,1.2690884620489804,-0.16488943773574094,-9.44746886854313
87.0,-89.22214388767526,-7.164347364400675,89.5093226042451,39.03736540905112,-3.061466707453413,-175.40912145689285,-4.753460905450038,0.11512438070380178,4.754854803532315,13.542745193134344,3.117378321827577,178.61262098629544,-766.8685239571556,-585.5134657129752,964.8385106158678,59.68909259190372,-2.4894996819134128,-142.63782487279948,1.1230856844305999,-0.2189138913248024,1.1442223325857246,1.170208398816651,-0.1925079479817858,-11.02989294208032
88.0,-96.67273494888543,-19.988798081896668,98.71762624403148,39.88789407610242,-2.937698249325185,-168.31771116930375,-4.734832666730355,0.09746401512057906,4.7358356829793316,13.507932509376023,3.12101109144189,178.82076335313894,-778.1307788236537,-573.4254319526361,966.5941418003594,59.704883173982175,-2.5065110225582727,-143.6125028956093,1.0845545769436153,-0.24186967274900906,1.111197358242476,0.9158240048057433,-0.21942229896264992,-12.571971661617622
89.0,-101.87213282201355,-24.37362480411335,104.74733902012814,40.402859981014174,-2.9067502888553443,-166.54452364984417,-4.707223020332813,0.07568160156745066,4.707831376331036,13.456417980452409,3.1255162788009554,179.07889157472908,-791.3255644804924,-563.3460830630427,971.3675711608054,59.74767201154406,-2.522923494936516,-144.55286829425768,1.05309881986663,-0.2654604580123328,1.0860416102399606,0.7169292997419423,-0.24693116039008575,-14.14811332061992
90.0,-109.13872640939694,-36.12483113917263,114.9620155838394,41.211087390147874,-2.8219442880640595,-161.68549772712043,-4.686612280182788,0.050689717589762345,4.686886398477079,13.417688542934824,3.1307772205880244,179.38032133539215,-801.8855582528071,-552.3443426376518,973.7066916573161,59.7685630928417,-2.5384183733900927,-145.44065943371584,1.0316263962782206,-0.3020060999528119,1.074923581426464,0.6275518088560768,-0.28478996155748837,-16.317262844937044
91.0,-115.76548422349104,-41.343869020907775,122.9266563570218,41.79292137676576,-2.798575966404686,-160.34659152173418,-4.6467881178163974,0.02795467153792377,4.6468722034870344,13.343214576826911,3.135576813487183,179.65531775189487,-810.2763091026156,-541.3310012340348,974.4675212596878,59.77534737553236,-2.552610857419826,-146.25382886942637,0.9914782149976384,-0.3013472280822898,1.0362621302970514,0.30939254721464393,-0.2950650856385074,-16.905984088752675
92.0,-127.70233601666757,-48.36831549326162,136.55541207791643,42.70617834275516,-2.779531142264845,-159.25540347695244,-4.623433878276672,-0.008282784043032365,4.623441297486967,13.299306957737368,-3.1398011766485845,-179.89735593217375,-821.3322371024167,-525.8264447982096,975.2333534866336,59.78217091921827,-2.572129346864654,-147.37215593708567,0.9519770620402628,-0.3311351724453804,1.0079240194981178,0.06855589702322593,-0.33474875319534064,-19.17969075535945
93.0,-138.45404295621844,-55.22127652222809,149.06009322305806,43.46722777009275,-2.762085018576555,-158.25581422075018,-4.594702422323348,-0.048751251115928006,4.594961048168897,13.245636683813615,-3.130982734316324,-179.39209640465572,-829.7032874681136,-511.1649778528682,974.524078624391,59.775851483429186,-2.589432247335974,-148.36353910742721,0.89423646079327,-0.33899221890974424,0.9563339230067213,-0.38780877377123374,-0.3623477985516275,-20.760999572864822
94.0,-153.9285697125584,-63.24088283732173,166.4133823819401,44.42376495603388,-2.7517716864975537,-157.66490381990653,-4.561316152266585,-0.1048757334831275,4.562521666841886,13.184098797586635,-3.1186042759090413,-178.6828629810402,-836.2394241149755,-494.96645434179743,971.7449075595079,59.75104546767966,-2.607153566245749,-149.37889588836268,0.8395324811549146,-0.3497123752708687,0.9094578232835868,-0.8243487366263512,-0.3946969044349268,-22.61446681099969
95.0,-170.15603312635062,-67.05744501010572,182.89280068001332,45.24393220832763,-2.7661881374077777,-158.4909056126199,-4.545050632719528,-0.1535041600082451,4.54764211225158,13.155725590014743,-3.1078315701435804,-178.06563240674302,-843.7972235649069,-474.04291433784175,967.8380231886737,59.71605360233462,-2.6297372342565084,-150.6728447513038,0.7695705703477426,-0.3593612130176231,0.8493405348662263,-1.4183629734173238,-0.4368707177879072,-25.030848322097942
96.0,-186.49102147350888,-69.4355498087987,198.99798156635384,45.97697342778808,-2.785167929057545,-159.57836757018922,-4.528970733349887,-0.22837417160906515,4.534724982377425,13.131019070446486,-3.0912101456081547,-177.11329493136793,-841.743476386394,-453.1627400684301,955.9751822225195,59.60893235674131,-2.647728417429845,-151.7036636155828,0.6892173875033301,-0.3524694618890285,0.7741158368107817,-2.2238809536908324,-0.4727302050386402,-27.085445597068126
97.0,-208.31034847092243,-67.74862530374764,219.05039947606744,46.810880990511556,-2.8271533897262064,-161.98395726741603,-4.531327750282989,-0.31117638524550156,4.54199977138035,13.144942160473734,-3.0730280682275186,-176.0715386346772,-835.841670999775,-430.0092064852603,939.9676678704324,59.46225830801626,-2.6664420892021363,-152.7758780273282,0.607637096222905,-0.3169437244239582,0.6853292385109027,-3.2820147857134714,-0.4807781910831068,-27.54656123099625
98.0,-228.04375243354949,-58.87625168547396,235.5214768052062,47.440610317001784,-2.888930454304896,-165.52352233848208,-4.553761085405242,-0.385199678535273,4.570023940341539,13.198369503064367,-3.0572042000681616,-175.1648977735746,-823.6384252938346,-408.99238132543394,919.5950323934753,59.27193233132871,-2.680694513534385,-153.5924817893956,0.5205103865672204,-0.25933453305150106,0.5815371549242552,-4.708450651794363,-0.4622315966042042,-26.483919643014495
99.0,-243.85686714713802,-38.74650890498576,246.91590391698358,47.85098127704622,-2.984019506605699,-170.97172371321685,-4.625266041770668,-0.45630314295158303,4.6477197113664666,13.344798586108004,-3.0432563915154383,-174.3657472100471,-805.9573662453522,-395.87679845198915,897.9341377616408,59.0648896586094,-2.6850192513390296,-153.8402710131024,0.46927069409162464,-0.18330866590949352,0.5038025916276666,-5.9547920552694364,-0.37239807881022075,-21.336838214605862
101.0,-254.7377915931383,10.001165408569571,254.9340420094553,48.128556636393995,3.1023521800621974,177.75168648077394,-4.804591179666339,-0.513189342259795,4.831920912508464,13.682396345281981,-3.0351838168945577,-173.9032227544662,-767.8857374447463,-389.2617368292878,860.9141685036991,58.69919710565067,-2.6724190994413224,-153.11833548814002,0.42427992905225814,-0.002021890765306795,0.4242847466488232,-7.4468516232263475,-0.004765428014838914,-0.27303891282367604
102.0,-247.69232067540855,31.315523716623794,249.66406979622806,47.94712091414611,3.0158307676024276,172.7943747093185,-4.888667246960356,-0.49488372789591834,4.91365214027602,13.828088151118664,-3.040705529935418,-174.21959360738987,-751.3821181266994,-398.262048499798,850.4044606631721,58.5925105908956,-2.6542033965895975,-152.07465259387178,0.45385958956901373,0.07943025520959208,0.46075773730499037,-6.730547262572858,0.17325598592433603,9.92683676884245
103.0,-237.7604500745276,48.30536437501377,242.6178885553264,47.69845637697996,2.941152605031806,168.51563117223006,-4.963158054382691,-0.4730454766295195,4.9856503984679295,13.954436436666777,-3.046568315076355,-174.55550645215754,-740.5588151902059,-410.752113916171,846.8439394850296,58.55606767614952,-2.635185191166718,-150.98498968922797,0.49634163942893705,0.14068186811858155,0.5158937982262812,-5.748793858594824,0.2761935072767457,15.824722295873318
104.0,-223.51938601338153,59.58902581458217,231.3261073059632,47.284492994286495,2.881057693457368,165.0724463688029,-5.014253141947016,-0.42424056833451734,5.032167985207401,14.035102608326522,-3.0571867416900282,-175.1638974821904,-740.1490227612254,-426.3551528963972,854.1658458962797,58.63084404059095,-2.6189774318029966,-150.0563534823231,0.5580347704060488,0.18134238792013058,0.586760484898827,-4.630782823917782,0.3142012453576566,18.002405276748174
105.0,-210.93389908923274,68.75374330417102,221.85623048118904,46.92143259394349,2.8265024425000687,161.9466607386726,-5.055551234304559,-0.37788246297199873,5.069654173461947,14.09956669877843,-3.0669853445772777,-175.7253160727545,-742.7943586418991,-438.6275396954894,862.6340926543236,58.71653236298417,-2.6081802747408127,-149.43772195192008,0.6048742144485456,0.198158377857304,0.6365057407594868,-3.923953500256043,0.31658407665210414,18.13893145321171
106.0,-198.58786895525247,71.50381740299261,211.06856137139192,46.48847100061783,2.7959827574007408,160.1980115904128,-5.080724774625643,-0.3302306789986351,5.091445427071441,14.13682186240105,-3.076687184347338,-176.28119054509114,-746.7766550693507,-448.2225349074981,870.9643008501962,58.800007089556196,-2.601019032716359,-149.02741300784714,0.6517895530377295,0.19772733926053046,0.6811209306284545,-3.3355154756348067,0.2945371524210814,16.8757357435294
107.0,-185.95635911187935,73.01380325804871,199.77683289198296,46.010902477545756,2.767447635288411,158.56306952548584,-5.095188078527792,-0.2859071191674556,5.103203350481182,14.156857485524876,-3.085538273838836,-176.7883206170466,-749.690380862905,-456.55157016562424,877.7670553051445,58.86758553410523,-2.5945913791710806,-148.65913558753041,0.6895772816784788,0.20697855034397308,0.719970101955333,-2.8537107609695838,0.29159696998180007,16.707275698760103
108.0,-176.85839693605473,73.17890263122258,191.40022036847566,45.63884866931366,2.7492712518698768,157.52163946879227,-5.105082130298648,-0.2501217124628328,5.111205770475292,14.170467308727414,-3.0926371506593067,-177.1950562981428,-755.882084393108,-462.4870158000152,886.1444381646104,58.95009032002814,-2.592504909045494,-148.53958965525416,0.7176603168280715,0.2091219338004767,0.7475080692181315,-2.527682296913653,0.28354283129827734,16.245807544581197
109.0,-169.1365694286567,69.89788060461184,183.01063584150347,45.24952659822076,2.74970522792692,157.54650446527057,-5.097892656287082,-0.21654916896391074,5.102489890005145,14.155643057691305,-3.099140001558535,-177.56764220947142,-767.1541779283449,-466.6545409672747,897.9376333121876,59.064923471676416,-2.5950976390655422,-148.6881421428198,0.7405886325343953,0.1846310843540384,0.7632562871990729,-2.346592191693304,0.24432270371838802,13.998659762288899
110.0,-159.24163848327586,63.01716967918483,171.25730086981255,44.67298189933436,2.7647701373761797,158.4096601954599,-5.085794362089956,-0.18801540088462365,5.089268521549614,14.133107317134641,-3.104640743052431,-177.88281148126416,-769.7035878409391,-471.00992522876965,902.3823816981497,59.10781214931973,-2.5924423201429425,-148.53600357529362,0.7813793236646864,0.16564805910987454,0.7987445943088136,-1.9518413602651665,0.20890161014909456,11.969180595030402
111.0,-158.79403327130703,63.368461851112635,170.9710705351782,44.65845262072896,2.761896259513307,158.24499912308124,-5.084801718160291,-0.17732053056206915,5.087892597487162,14.130758700562723,-3.1067341256001146,-178.00275346615277,-780.8771063768625,-470.74539255375686,911.7950865595254,59.19794495131241,-2.599086183785631,-148.91666892168007,0.7758830783641182,0.16642754283266514,0.7935317752334174,-2.0087135638855154,0.21129896932410483,12.106539157735456
112.0,-152.24704728525046,61.36615487350769,164.14922592274576,44.30477678142015,2.7584428826508,158.04713520379147,-5.075731566433438,-0.1547495896244332,5.0780900316928,14.114007928078859,-3.1111139597539923,-178.2536994781372,-789.1138064686692,-472.4916128152611,919.754817187841,59.273441422264845,-2.6020837097304073,-149.0884145072967,0.7901696909194446,0.15332189255079465,0.8049072885637749,-1.8850827996969344,0.19165506484687644,10.981026338032127
113.0,-150.18113241466688,58.78111815496048,161.27489694586424,44.15133546106823,2.768520696461589,158.6245514018683,-5.0717400080732356,-0.1412424856121734,5.073706352286522,14.106506564486054,-3.113750929004229,-178.40478668688155,-797.2858118914656,-468.95326211754235,924.9766634321744,59.3226155181216,-2.6099043616372897,-149.53650485460201,0.7907745661078938,0.1443127293894818,0.8038349197857539,-1.8966626267052051,0.18050897934412624,10.342402680632588
114.0,-146.77512967301828,55.91271809087789,157.0642248726339,43.92154550732719,2.7776233179077914,159.14609319324097,-5.064299034971418,-0.12632737859428225,5.065874388710694,14.09308834009677,-3.116653133704343,-178.57107076748113,-803.8174293653564,-469.37181934075056,930.823487317964,59.37734666470237,-2.6130743382288424,-149.71813113445324,0.802957209648861,0.13168091831232753,0.8136830739143237,-1.790894360487506,0.16254803736072895,9.313316508904594
115.0,-144.941090177095,52.9155427325355,154.29832884514198,43.767224447735614,2.791544468385306,159.9437163615691,-5.057125419368494,-0.11492328181521522,5.05843106782391,14.080316723181578,-3.118871543222059,-178.69817627007788,-810.1189489489468,-465.5875470914523,934.3791925405774,59.4104631735894,-2.6199725524191373,-150.1133696937344,0.8052417920399032,0.1283261550590719,0.8154029345788987,-1.7725545977035095,0.15803459404249343,9.054715255698177
116.0,-142.69183511408664,51.56465674103002,151.72301616118085,43.62102935252875,2.794824112983653,160.13162615535725,-5.059401725161893,-0.10450027746434251,5.060480819503346,14.083835662236448,-3.120940919162287,-178.81674277767888,-817.0472308821713,-463.3186911049093,939.2711999307711,59.45582012281163,-2.625742366099192,-150.4439556661784,0.8096639562868222,0.11671958434047011,0.8180337300372407,-1.7445757733452505,0.14317171953266,8.20313527485215
117.0,-141.07238149986736,49.43191989461811,149.48221140494297,43.491790281526306,2.8045605373816,160.68948218090782,-5.051442652067333,-0.09758229052788295,5.052385097213961,14.069928909008123,-3.122277348719439,-178.89331455092022,-822.9039775158741,-463.57534716288706,944.4961930620142,59.504004235406015,-2.628564749068172,-150.60566629847054,0.8118911652973319,0.11444059169672502,0.8199170161155066,-1.724602007614415,0.14003303085053792,8.023301660161076
118.0,-138.19899612502033,48.03692057703022,146.30963149597258,43.30545832946055,2.807064298548028,160.8329371286529,-5.0434137685843305,-0.08543440226867878,5.044137337368701,14.055738053062115,-3.1246544772664255,-179.02951398402263,-831.5153230517526,-461.3466692346293,950.9250662821686,59.562925910097405,-2.6350514918600316,-150.977329283231,0.8161802528845292,0.09919379623855923,0.8221858758278877,-1.7005997630495848,0.12094105000740064,6.929411735304691
119.0,-138.89887135746346,44.93273552443072,145.98577734178633,43.28621093447522,2.828724889973833,162.0739975991088,-5.040391581147807,-0.0856844176949411,5.041119827056426,14.05054041419006,-3.1245947350923373,-179.02609100958844,-837.233892586588,-457.5365782537675,954.0965943424471,59.59184691266203,-2.6414513548861547,-151.3440144240897,0.8156030749764435,0.09636977371406394,0.8212767555439092,-1.710209375229474,0.11761237287147833,6.738692584054647
120.0,-136.96342805764488,42.493557715874424,143.40391582050339,43.13122020878595,2.8407545614952987,162.76324700621748,-5.044573123171216,-0.08025784557942864,5.045211523494179,14.05758758018236,-3.1256842559848654,-179.08851595842162,-842.7477495815099,-460.60206026397367,960.4051370875297,59.64908948756653,-2.6414036267906673,-151.34127980565407,0.8160272337882201,0.08878991325984315,0.8208435264901252,-1.7147924497796707,0.10838116769157162,6.209783487426689
121.0,-135.3751071770104,42.69228616788435,141.94735271017768,43.04254594863835,2.8361017230977765,162.49665900328307,-5.03483645622476,-0.06783392669476096,5.035293395874835,14.040495620919366,-3.1281205530878218,-179.22810550006096,-846.8422105189117,-452.63903285142334,960.2207160737727,59.647421426528275,-2.6507257441403733,-151.8753977859179,0.8177206147549507,0.08907856545310414,0.8225582013562308,-1.696667262487673,0.10850734358750168,6.217012833739763
122.0,-134.4294548578435,40.64052411352893,140.43835136314905,42.94971445088627,2.8480100661798766,163.1789568028812,-5.0282576840026865,-0.061655861767358947,5.0286356779968004,14.029003447089153,-3.129331394151367,-179.29748158266324,-851.0407974753392,-451.3650478764472,963.3280051010502,59.67548371862812,-2.653946597723423,-152.05993910265624,0.8205865040100928,0.09156270911145423,0.8256790782521589,-1.6637743956378948,0.11112237452249636,6.366843069611108
123.0,-133.73788433259912,39.78723382260254,139.53080549116785,42.89340202715345,2.8524295475275823,163.43217443174152,-5.027253865128557,-0.057588364116556344,5.027583698371579,14.027186187815559,-3.1301379216627025,-179.34369220512394,-857.1239190770186,-446.6209440414033,966.5048785755723,59.70408101070795,-2.661232041761933,-152.4773642979416,0.8170763554913119,0.08547078539007301,0.8215345554863537,-1.707483289948568,0.1042265703341744,5.971742593271624
124.0,-134.7255566898333,40.21938975062464,140.60076435531258,42.95975363336204,2.8514866001729073,163.37814752801563,-5.0246805602591795,-0.055799240791029235,5.0249903768981845,14.022704687963888,-3.130488077579774,-179.36375466134368,-860.6240309994645,-442.27841188152445,967.617649875306,59.71407563062078,-2.6668835591235043,-152.80117239060453,0.8121980332377869,0.07955845422530326,0.816085285269897,-1.7652890556420442,0.0976429999040303,5.5945317934972385
125.0,-136.1670437508942,37.36753646491583,141.20126269022794,42.99677160810414,2.873761807958008,164.65442292187885,-5.04218555983213,-0.08036682095459373,5.042825997958881,14.05347966288516,-3.125655117107022,-179.08684642370145,-862.5518577783314,-449.10780815851376,972.4677530416087,59.75750418127559,-2.661543438723437,-152.49520602958899,0.8458363878015813,0.12087987307095094,0.854430300634801,-1.366467173418199,0.14195047033934471,8.133162850341426
126.0,-132.34022431614397,37.41103108041472,137.52643461730207,42.76772368041691,2.8660928483344357,164.21502390219192,-5.019406014733292,-0.04775307177329114,5.019633163549358,14.01343959840823,-3.132079250809362,-179.45492217187325,-871.9319443947538,-435.211901361871,974.5125523783832,59.775748749905176,-2.678637146000524,-153.4746033127981,0.8058673258115502,0.08110276721392777,0.8099381492808051,-1.8309628928382382,0.10030261903033114,5.746916744546548
127.0,-131.74012294425117,35.723300336959774,136.49767097035408,42.70250482338125,2.8767953671182998,164.82823305866683,-5.014294293546136,-0.04203874107013015,5.014470512231586,14.004501635438782,-3.1332090698361794,-179.5196560337235,-875.6871002384831,-432.30533041127916,976.5837374368306,59.79418975836714,-2.6830173751510307,-153.72557195642233,0.8056841587053805,0.08840768272628752,0.8105201305049915,-1.824723886299027,0.10929269782659967,6.262010317062787
128.0,-131.16448123248819,34.00670598488254,135.50120733384625,42.63886329698949,2.8879107011052856,165.46509478399943,-5.006665077475287,-0.038181463499268285,5.0068106637025505,13.991223370762533,-3.1339666744697987,-179.56306358176943,-879.6215875857008,-429.4644723233776,978.8635606328319,59.81444323353533,-2.687399037437267,-153.97662271267532,0.8052020358135974,0.08632058048322655,0.8098157574987801,-1.8322755385541694,0.1067957546046057,6.118946008758734
129.0,-129.99939049968836,34.27598594463517,134.44212413811118,42.570707311023604,2.8837969179868983,165.22939237348368,-5.010588376011808,-0.03603424376165569,5.010717946616843,13.997999139760955,-3.1344011583293883,-179.58795767319046,-884.690659966148,-424.7274702726487,981.3618027188253,59.836583000933885,-2.6940029041440763,-154.35499640344244,0.8055460090246314,0.08835544363405845,0.8103771079412859,-1.8262567141401238,0.10924721443783554,6.259404310848649
130.0,-131.30679072645856,33.952443621625235,135.6253726953833,42.64681889250846,2.888561324781944,165.50237277472326,-5.006855672846018,-0.036841646422821554,5.006991215852239,13.991536589670826,-3.1342345462391266,-179.5784115036026,-889.5552643811491,-420.30139650433097,983.8505131836375,59.858582329779196,-2.7001984432805806,-154.70997464777227,0.8040398230019821,0.08726996644048333,0.8087620688531219,-1.8435845092233052,0.10811611940955189,6.194597339499765
131.0,-129.7184900059204,33.44048915496632,133.9595198720102,42.53947164607706,2.8892931709841334,165.54430447336136,-5.0065046655858545,-0.029168308460796266,5.006589633348373,13.990839915551234,-3.1357666371584574,-179.6661938471106,-894.1287820816027,-417.51822994813,986.8068459864625,59.884643075045304,-2.704728451900961,-154.96952502287795,0.8081971931066663,0.09028640397849283,0.813224653886527,-1.795789273464634,0.11125206172433197,6.37427359893315
132.0,-129.1328925975537,32.76884392106494,133.22575232489572,42.491763627555784,2.8930777197101003,165.7611431427209,-5.006884214562243,-0.030892055994391862,5.006979514353552,13.991516290445086,-3.1354228156863555,-179.6464943278532,-896.2905463251849,-414.2537002363172,987.3919543886202,59.88979168232365,-2.7086504885124905,-155.19424116781437,0.8090321113127462,0.09671572521537569,0.8147925433133859,-1.7790590831936814,0.11898033831193658,6.81707123031266
133.0,-128.3727148788504,32.14696628578817,132.3366214120121,42.43360085598531,2.896219680825697,165.9411642540388,-5.0027920825193295,-0.026894849312055453,5.002864374919393,13.984374590858273,-3.1362167375459826,-179.691982699673,-901.8226128145554,-411.92487481133605,991.4464824043738,59.925385525163136,-2.7131236633115754,-155.45053520482622,0.8116757183627062,0.09642686643485876,0.817383393732746,-1.7514837964839522,0.11824553952298639,6.774970360914489
134.0,-128.67182968612946,31.95649255636383,132.58075716815483,42.44960989885161,2.8981613578127354,166.05241415057378,-5.003254231725072,-0.02392129712510365,5.003311417024828,13.985150703226214,-3.1368115423880796,-179.7260625067591,-907.1804693823309,-408.64156281710774,994.9695125431506,59.956195469444545,-2.7183626270353605,-155.75070571522124,0.8174373623210873,0.09962296269570307,0.823485625870134,-1.6868795427507353,0.12127422626544937,6.948501328724844
135.0,-127.3992082243279,30.776803733718296,131.06399163862466,42.34966781081687,2.904556463499555,166.41882671596866,-4.99906529094259,-0.023634190737999126,4.999121158571651,13.977873248600385,-3.136864966856478,-179.72912350332106,-911.0409988584352,-404.6338399995647,996.8571843919111,59.972658863860524,-2.723618829138604,-156.0518639120049,0.8233778667766035,0.10159138089655134,0.8296215523779854,-1.6223994824948416,0.12276321333313216,7.033814003452628
136.0,-126.41408782277098,31.228158081457334,130.2141292534099,42.293162222871004,2.899410591140442,166.12398994787844,-4.996826538725905,-0.02118586014447446,4.996871451096734,13.97396353959238,-3.1373528159582724,-179.75707519789313,-914.0197345288445,-401.5022114213467,998.3166335809552,59.985366144534716,-2.7276968393123697,-156.28551668377307,0.8266663579702214,0.10426541543757609,0.8332157849297628,-1.584850222326514,0.1254650586467056,7.188618336817586
137.0,-126.80471309076235,30.22070621594079,130.35615193085732,42.30263063514705,2.9076322500744904,166.59505630539545,-4.997121239607041,-0.01791022369681998,4.9971533355946445,13.974453515891707,-3.1380085606394603,-179.79464660056334,-919.219694812827,-397.0438685910928,1001.3034909145017,60.01131460558579,-2.7338620427749243,-156.6387568220169,0.8247494261808868,0.10757510391910767,0.831735546293958,-1.6002947492325326,0.1297014544042946,7.431345934074563
138.0,-126.03704371288838,29.133968626011196,129.36044416971495,42.23602996173391,2.9144285080051753,166.984453201306,-4.991961176682183,-0.016958603830489603,4.991989982336308,13.965474103117046,-3.138195484022198,-179.80535652148652,-923.2448848962305,-393.82562140886876,1003.7329015057419,60.03236320369333,-2.738395656501314,-156.8985137544816,0.8311047191148255,0.11282494819172001,0.8387279195718939,-1.5275779989760918,0.1349281635108054,7.730814306620225
139.0,-126.09620398618976,29.172463305827886,129.42675641093945,42.24048134743029,2.9142416694659405,166.97374814155745,-4.9944152668523945,-0.015721726159519524,4.994440011697177,13.969736023558726,-3.1384448027622596,-179.81964143304558,-926.7424740934503,-388.22548058018043,1004.7739233581659,60.04136710810505,-2.744888098350338,-157.27050327116478,0.8297203348383368,0.11883435691239566,0.8381869949044929,-1.5331816370449667,0.14225477479390886,8.150598211274982
140.0,-124.24446798098262,26.785609025353633,127.0990034372281,42.08284290668843,2.9292545973700905,167.83392554859944,-4.992796537708914,-0.010548978190554028,4.992807681845855,13.96689675542344,-3.1394798171435805,-179.8789433888306,-933.0777898031546,-389.2065929555196,1010.9974944696862,60.095001585819276,-2.7464142418568165,-157.3579448530173,0.8500653247771988,0.1094360824038786,0.8570806919540732,-1.3395657687546731,0.1280342089839902,7.335819808078607
141.0,-125.34563743997391,28.635889834285134,128.5750481696768,42.18313391396652,2.9169917397209923,167.1313155605364,-4.995939755425469,-0.012322269897067386,4.995954951575936,13.97237027390507,-3.139126201728231,-179.8586827179603,-934.8499735921209,-379.9303879570234,1009.1043418885698,60.07872149646377,-2.7555744841620418,-157.8827880764239,0.8383497877628447,0.1270253195628183,0.8479185093227078,-1.4329176872259692,0.1503744882442251,8.615823522833711
142.0,-124.11713548743586,28.10113816199496,127.25854504749785,42.0937390724163,2.9189382640018753,167.24284318655072,-4.992425782555466,-0.010041603937685774,4.992435881224134,13.966249917086701,-3.1395812886073897,-179.88475727544787,-939.3443088664295,-376.8766194781524,1012.1283104967621,60.10471145577486,-2.760041509220923,-158.13872975927697,0.8415533632155757,0.12272108990106317,0.8504543074415883,-1.4069802973258332,0.14480616601094923,8.296782159898143
143.0,-123.97731515816233,26.62897353854383,126.80487729398571,42.06271916257489,2.930018102722593,167.87767118293348,-4.989352995163448,-0.0084746720399957,4.989360192490882,13.960897154207906,-3.139894103918483,-179.9026802725406,-943.3197534428986,-372.7149577643543,1014.2823063510748,60.123176990017875,-2.765308989742442,-158.44053416182737,0.85073584160516,0.12991031486564217,0.8605975610586695,-1.3039977809247727,0.15153287348603905,8.682194108239893
144.0,-121.96584831636626,26.53305647065035,124.81855327316362,41.92558289046641,2.927385246105896,167.72681961073363,-4.986765902322453,-0.001631730119998243,4.986766169283362,13.956380090371738,-3.141265441506105,-179.981252128599,-948.0670111043565,-368.33288398767763,1017.1038152376717,60.14730566777266,-2.7710310999933205,-158.76838692911127,0.8554625455112229,0.13086510996502798,0.8654142613677568,-1.2555190447221396,0.15179903608175133,8.697444101638451
145.0,-121.0240424530776,26.222602933587964,123.83232112940847,41.85668026946988,2.9282182731855513,167.774548546618,-4.990095232355435,0.0009840048856020831,4.990095329374185,13.962176846839391,3.1413954619878237,179.98870175345172,-950.5602455076491,-362.02479121690334,1017.1660286281708,60.147836943056205,-2.77769950299644,-159.15045827728238,0.852020604266279,0.13867031499742327,0.8632314674267615,-1.2774547334928807,0.1613399928981647,9.244100659735512
146.0,-121.0718250723914,25.15302444148836,123.65703160319616,41.84437634029335,2.9367536044146347,168.2635870027907,-4.984697145029409,-0.0005467925932198176,4.984697175019409,13.952775593122766,-3.141482959344563,-179.99371498271142,-956.3310398853148,-359.59493180730266,1021.7032704408977,60.18649567093165,-2.781932311257869,-159.39298032615037,0.859853587727509,0.1344591166137744,0.8703030773060758,-1.20658961704778,0.15511820638790175,8.887618551666016
147.0,-120.31143584069113,24.206289466243433,122.72239422278359,41.778476389008226,2.9430464813938233,168.62414229469323,-4.982286038704024,0.00013191921332041562,4.98228604045048,13.948573148165444,3.141566175942331,179.99848294254897,-960.407035419689,-355.4884925360763,1024.0867844129266,60.20673523425363,-2.787086454899076,-159.68829100379574,0.8656200525391675,0.13511523198334027,0.8761017071503873,-1.1489094681869207,0.15484122565214284,8.871748724500602
148.0,-119.35756000275464,24.716825087486697,121.88990348760059,41.71935466343865,2.9373966611927864,168.30043144216606,-4.981242568107502,0.00115264471312295,4.981242701466779,13.946754048218954,3.14136125656851,179.98674192728856,-965.9758354682779,-351.9181181613292,1028.0834969003483,60.24056775564621,-2.7922236516796106,-159.98263069784855,0.87302238139642,0.14154307305824687,0.8844221389980287,-1.0668078925508353,0.1607313514518638,9.209228073625733
149.0,-119.40606525023014,20.323679429316535,121.12332708478513,41.66455583537848,2.973001876894646,170.34046003053555,-4.9762244488180984,0.0013977285082236053,4.976224645116011,13.93799955556875,3.1413117722738795,179.98390668605407,-970.9577030419383,-346.37466961186317,1030.8900391628606,60.26424686664724,-2.798930412268305,-160.36689977378543,0.8674721165294526,0.13056721087987605,0.877243221411849,-1.1375995791460358,0.14939317712355998,8.559598537230347
150.0,-119.15572964585627,19.727025721591406,120.77766122614197,41.63973231097416,2.977524167680765,170.5995682063111,-4.988313645016473,0.021116942155892184,4.988358341809813,13.959152874801964,3.137359396117099,179.75745221322242,-967.7705105973023,-337.4817094566967,1024.926175585138,60.21385169435923,-2.8060578849742437,-160.7752738784304,0.8339592682644784,0.18171585593680423,0.8535272189116583,-1.3756524942737889,0.21454194372073307,12.292347903731239
