f,Zdut_ab_11_re,Zdut_ab_11_im,Zdut_ab_11_abs,Zdut_ab_11_dB,Zdut_ab_11_pha_rad,Zdut_ab_11_pha_deg,Zdut_ab_12_re,Zdut_ab_12_im,Zdut_ab_12_abs,Zdut_ab_12_dB,Zdut_ab_12_pha_rad,Zdut_ab_12_pha_deg,Zdut_ab_21_re,Zdut_ab_21_im,Zdut_ab_21_abs,Zdut_ab_21_dB,Zdut_ab_21_pha_rad,Zdut_ab_21_pha_deg,Zdut_ab_22_re,Zdut_ab_22_im,Zdut_ab_22_abs,Zdut_ab_22_dB,Zdut_ab_22_pha_rad,Zdut_ab_22_pha_deg
1.0,56.81809353835832,46.23734765215521,73.2542699863967,37.29665889519366,0.6830862313651643,39.137958100720795,6.786008245807034,6.130816753641939,9.145316942506572,19.22397522193817,0.7347177182140545,42.096224387147416,16.10765418770756,125.761334998472,126.78868208175629,42.06160975091138,1.443408761271625,82.70123013307031,81.89941445955355,-41.037844889978956,91.60577930475621,39.238457473572986,-0.4645081740237169,-26.614357920887358
2.0,82.85536409809782,40.03772530197574,92.02190395326988,39.2778242933864,0.45013720683385305,25.790962153387177,13.131005559452799,9.844931483190553,16.41176355274158,24.303105027609284,0.6433391427058304,36.86061767260866,52.48154428193912,147.81653615460124,156.8567526469985,43.9100643942684,1.2296340309333704,70.45284031814104,85.21761293808693,-27.541531548449377,89.55767702938613,39.04205640416865,-0.31259449021216235,-17.910344988200425
3.0,85.27578876402775,37.01374794767482,92.96223795962038,39.36613140630692,0.4095089847005755,23.463136496030376,17.09105172438887,13.00818292623001,21.47828838823051,26.6399933867659,0.6505741385559735,37.27515239961652,53.317505307758054,159.43949110884824,168.11813613436033,44.51229132985031,1.2480807800429605,71.50976118785726,86.28540788986808,-14.60427848772284,87.51260803374491,38.84141253588088,-0.1676664645502787,-9.606580784610802
4.0,90.49083033609195,34.58782109845318,96.87573351079196,39.72430007720003,0.36508947018595334,20.918085786322425,21.82412250541122,15.960193215340055,27.037383205520893,28.639293128234794,0.6314316399685247,36.17836802122057,51.64730328842139,155.96276515574434,164.29189892381197,44.31232298636096,1.2510107079658916,71.67763369211875,86.89449492616849,-5.684053236031247,87.08020274243717,38.798388630123256,-0.06532021198129542,-3.742572463428101
5.0,85.24936947169483,36.470910768346194,92.72314882268724,39.34376343173747,0.40425208133062995,23.161938119624395,23.624598516521132,19.375733713814213,30.55389847491559,29.701332624223376,0.6869078215323442,39.356919088328894,47.336690808589054,153.7062465149592,160.83025994639618,44.127355277722266,1.272045058119456,72.88281318071834,86.45347885482393,2.5416401990409128,86.49083154301887,38.739401450726845,0.029390469508835865,1.6839498607642287
6.0,90.90526873560722,30.59735869218984,95.91645449468767,39.637862338043696,0.3246742811474865,18.602466026194886,29.213690379122408,19.219453522302896,34.96894478338159,30.873650546288452,0.581903215953259,33.340598359211455,53.38008396803106,145.60898140889105,155.0851663808271,43.81140520617099,1.219411320789335,69.86712217170223,91.3225300074791,7.045046398046267,91.59387078684658,39.23732825665134,0.07699217665414554,4.411326777808207
7.0,83.47448714804027,38.276589033920196,91.83184236799325,39.259865947959625,0.42993501171918214,24.633461636416722,27.968937951833887,24.316259917311864,37.06132737126129,31.378419395011488,0.7156508312242262,41.003772234177355,38.35544640909983,148.52594264632387,153.39848730747124,43.716421539422576,1.3180768559263474,75.52024091845277,85.90244984577677,15.66189483753016,87.31853090500348,38.82212840578611,0.18034102155820483,10.33277940836293
8.0,84.18112882018937,40.93436560197029,93.60600801592324,39.42607448852808,0.45259963556640215,25.93204892711399,29.944204075319924,27.416080532318972,40.599222030218826,32.170354232519166,0.7413522097071388,42.47635274891659,35.73397482714856,156.17856529677357,160.21442261889487,44.09403218026555,1.3458660050578806,77.11244187994926,84.0076913614608,25.003477716933403,87.64967829846064,38.855006528742365,0.28928400322122433,16.574752465225064
9.0,82.59346638205143,38.849472045327616,91.27410458176925,39.206951622442624,0.43966373330958397,25.190876323604552,31.497653827602463,28.76492811952409,42.655870479511584,32.59957618083865,0.740082234631467,42.403588536993794,31.27029009021765,150.147612577102,153.3692818165681,43.714767678117,1.365467721591524,78.23553750853884,83.53849401070306,28.73338603294184,88.34187825994152,38.923332573397985,0.331278366572224,18.980852248576205
10.0,69.20747183477965,47.49326482258931,83.93619220140033,38.4789852676238,0.6014344812451986,34.45965742898994,26.090960950682465,32.67409121885115,41.813089820148946,32.42624522723854,0.8969576225607955,51.39188617482185,4.96291691286698,150.88204276351436,150.9636425526855,43.57744732467515,1.5379154872914993,88.1160666696083,70.85921540274717,33.23042371807566,78.26422853370347,37.871266173425326,0.4385120249651133,25.124888296236385
11.0,81.23730985607226,37.325886766396685,89.40202646220813,39.02694725989606,0.43069897862014633,24.677233715529663,34.34640472128097,31.411767144410035,46.544329755757246,33.35733561578675,0.7408000309168042,42.44471523469378,23.798705712524313,146.20340691231104,148.12769689142587,43.41272540843748,1.4094335360070156,80.75459311740194,81.51207779006023,37.37674476594781,89.6729606679273,39.05323017571129,0.4299350478740885,24.633463707940265
12.0,82.36691445381663,37.93638561066592,90.6833940136974,39.15055532256912,0.4316156599552697,24.729755687190647,35.88638105202697,33.65577159846778,49.199017336726456,33.83912857181095,0.7533335111665669,43.16283075561576,25.085786052529333,142.54377425689785,144.73432295511222,43.21143067799896,1.3965935930969187,80.01891857946447,81.74223922582787,41.72421747417131,91.77529077853372,39.254515383719365,0.47196185903804516,27.041422614028274
13.0,77.87007695533651,38.92792174641736,87.05821027637327,38.79619469564546,0.4635744924282588,26.56086190605857,34.45951751398661,35.74260719113201,49.64868896674223,33.918155698309015,0.8036732061893771,46.0470828223985,19.67020932543765,139.32354748099604,140.70525227437633,42.96620618340779,1.4305396614328738,81.96388502617738,79.46228469325754,45.05047980694056,91.34440551838887,39.213639073859895,0.5157571380291297,29.550707262815383
14.0,76.47051226251631,37.80412666867566,85.30469646433853,38.61945883962222,0.45912716354515404,26.306048730950035,34.657144230259,36.43733881378822,50.28714851756632,34.02914020170223,0.8104327735432804,46.43437750311157,16.262770803946115,135.75170927860782,136.72236205641465,42.71679105557682,1.4515666285417888,83.1686414974786,78.0090126980216,47.99479361588159,91.59097267935944,39.23705342341385,0.5515549989612456,31.601773609821876
15.0,74.38264278741468,37.51532780811935,83.30772694408837,38.41370569765505,0.4671262866964777,26.764364727326267,34.68979906910216,36.90451404792851,50.649040628312335,34.09142447121087,0.81632253221759,46.771835817500076,13.66216331839128,132.29066286643138,132.99426374162985,42.47665819090842,1.4678873209562582,84.10374829155887,76.53411177970297,49.54440289913907,91.1708183825301,39.19711706405654,0.5745104670390964,32.917025047430016
16.0,68.24321357501704,35.12814470596266,76.753649747282,37.70198071944526,0.4753772860967559,27.23711216972718,32.29172168411986,37.91173805226862,49.80015232374785,33.94461342276944,0.8652810780157916,49.576953862834976,6.761336562984164,125.43357880450833,125.61567722153453,41.980876881323475,1.516944723296521,86.91453039953115,72.70337220542285,50.12580143267938,88.30841578982522,38.92004187606303,0.60361458117281,34.58456795375885
17.0,64.67450521008763,34.99778782488701,73.53663560977931,37.3300751297671,0.4960133888563771,28.419473763451744,30.630123757756998,38.801649854026614,49.43452753703623,33.880607756173305,0.9025506926625732,51.71234548617452,2.83437413924619,124.46054186059139,124.49281166795635,41.90288551167634,1.548026987535616,88.6954129581417,69.40360101895527,53.407991488341864,87.57438774674435,38.84754219489824,0.6558821291802752,37.57927786008403
18.0,60.39783402465966,32.60145269137654,68.6349260395784,36.73090340052429,0.494961760484664,28.35921989613637,28.551630584590086,38.913390596006195,48.26435099238612,33.672529412710226,0.9377944620493023,53.73166472616647,-1.429421066231793,117.27949391852492,117.28820460033442,41.3850867666813,1.5829838818741369,90.6982954686237,66.50795919380322,53.55461832893067,85.38972877625288,38.62811268214826,0.677925620134344,38.84227685748697
19.0,60.012600710599756,32.7115308152038,68.34878559509237,36.694616050634075,0.4990562464048251,28.59381665863734,28.47786693428091,39.80100281734174,48.93984808305657,33.7932523379972,0.9497391037004482,54.41604228057331,-0.32942055439168527,116.83681211553343,116.83727651405655,41.351628499631374,1.5736158121567205,90.16154461163143,66.76290922848298,56.5574348754604,87.49873992431321,38.84003597522158,0.7028305042087915,40.269221604215396
20.0,54.767450672393565,31.57430648935723,63.21716921404286,36.016700895479126,0.5229727777465407,29.964132965110004,24.544220938296906,40.56882511461857,47.415697323232926,33.51844283866458,1.0267069893613772,58.825977286990025,-6.623312719960367,114.01070970473923,114.20293428263876,41.15354525269518,1.6288248822826155,93.324791320687,62.14373271598775,58.8197311627935,85.56637359348255,38.646062529066484,0.7579256923228173,43.42594335462841
21.0,52.052580000313725,31.335707781579394,60.75687341249215,35.671908333887586,0.5418895612338965,31.047984820898257,23.23305322773361,41.17655685067533,47.27878590192012,33.49332631056608,1.0570935701027775,60.567000117305774,-9.308378040878424,110.09920457421484,110.49199405217881,40.866616227404876,1.6551411156527154,94.83260042547506,58.72718667416284,58.82965293551581,83.12527003971303,38.39466138314154,0.7862697948205446,45.0499408018344
22.0,48.200883032619046,31.633719873706198,57.654291758483495,35.2166328302386,0.5807837661187505,33.2764586083175,20.340364750969457,41.78680829240266,46.47437773083672,33.3442716698478,1.1177924926425713,64.04479219982746,-12.91993471452636,106.19057119344643,106.97365153820841,40.585536413387004,1.6918686946980983,96.93693569650863,55.603989846816795,59.71298571790719,81.5931636243619,38.23307544846132,0.8210152802648406,47.040710474925795
23.0,44.1558074443801,30.488412187043892,53.65890987293964,34.59283690716716,0.6043036432022578,34.62404829986893,17.503475159247117,42.26690748013174,45.747820828804485,33.20740823053431,1.178179058446901,67.50468755970456,-16.739651009873967,104.88557503408246,106.21299245460754,40.523552897285114,1.729060742368857,99.06788305949247,51.815298284709904,61.27896017388954,80.24921243430742,38.088815578644045,0.8688830847289083,49.783333645274354
24.0,40.5978456132609,28.980469693246118,49.8803838405372,33.95859573622065,0.6199559787654599,35.52086106716294,15.021026389975304,41.5920758752008,44.221397642055535,32.912649291602065,1.224222035157859,70.1427558014616,-19.55343372266583,99.80348414402752,101.70089585462773,40.146495570354176,1.7642651232199935,101.08494550263376,49.02915035784321,60.72355823127966,78.04619214977505,37.84703437636529,0.8915499839761097,51.082051306787264
25.0,35.86208971759715,26.420922821537367,44.54385077263327,32.975755173141465,0.6349585109969527,36.38044284603646,12.59247740954211,41.24016524612415,43.119852931537864,32.69354541874503,1.2744431237181817,73.02021221852084,-25.87808102382175,97.17591145717836,100.56258173400705,40.048728288474535,1.8310576686040034,104.91187645607354,44.07506991994125,61.524602492223174,75.68281509215804,37.57994555356514,0.9491606496240421,54.3828993033531
26.0,34.196380866150974,26.417629275316038,43.212077025652114,32.71210283101537,0.6577632279975423,37.68705688316048,8.910832632929445,41.056123273794356,42.012000624643896,32.46746726539691,1.3570708482426748,77.7544321045439,-25.259658300340394,92.59373886521442,95.97734531903596,39.643374668286,1.837116934855968,105.25904683925717,41.45127446071918,61.529968650922825,74.18992651702396,37.406898818501034,0.9779566672270416,56.03278957878939
27.0,30.540571134832213,24.470124762923618,39.13455622790163,31.851208268744067,0.6754925453778425,38.70287194269962,5.756636788861443,40.77422005263349,41.178585308621905,32.29342844679969,1.430540072981921,81.96390860620085,-28.24455320749872,87.71007535392819,92.14560274089582,39.28949230365095,1.8823321597324387,107.84968839441386,37.82689225527571,61.494990169087295,72.1976979798413,37.17046700663086,1.0193321904435706,58.40343243424206
28.0,27.670124707349302,23.13391208218437,36.066794833288114,31.14215098716798,0.6963458876491716,39.897680443588534,2.8560527112319667,40.268044507928394,40.36920169611776,32.121003225809005,1.499988865873226,85.94303133115078,-31.602925685789366,83.00024538150797,88.81320648018549,38.96955099913411,1.9346046656201044,110.84468236634986,34.24666106061217,60.23784497620623,69.29236437860887,36.81370760971451,1.0538425460314815,60.380730158925076
29.0,24.054103976406072,21.105569299035274,32.00070270391159,30.103190302073408,0.7201993848649508,41.264385160679744,-0.8601109982019288,39.171573830364174,39.18101564886877,31.861513791409287,1.5927503287598983,91.25787165601652,-34.88340503552777,78.67398637660798,86.060723209019,38.69609982688205,1.9881413495826887,113.91210840653166,28.82983445100273,59.26781440276234,65.9077626577667,36.378731381679735,1.1180609195686717,64.06017192980069
30.0,20.424986626193892,17.50076228901677,26.897151510464276,28.594125786821216,0.7084464841325326,40.590993551675965,-4.674652722520361,36.44728585663864,36.745843634235676,31.304164452730742,1.6983578132983803,97.30873480506463,-41.950826466974576,71.6619026945817,83.03794397183682,38.38553174921573,2.1004108233020737,120.34467541880733,23.466303335922376,55.94756802481565,60.669578539370924,35.65941955978048,1.1736496967925107,67.24517425301961
31.0,18.50662809273381,16.765661056854825,24.97163739197137,27.94894040007749,0.7360802609681942,42.17429233636575,-6.689741486311025,36.64220026610296,37.24786546226329,31.422027799661024,1.7513768294790681,100.34650066615387,-40.359466524899524,68.44014828317225,79.45401459458856,38.0023169162622,2.1036112448609994,120.52804606679645,20.74166805089767,56.401300038536135,60.09428791133651,35.57666386718218,1.2183955161902207,69.80892085536301
32.0,15.773045615185584,13.865456881724754,21.00094908611736,26.44477844091618,0.7211249690079634,41.317417225658595,-10.217650571722894,34.46051832549809,35.943395867221824,31.11238212141625,1.8590418781183171,106.51525355425356,-43.07555075561986,62.04024648662105,75.52810905233017,37.562172233750374,2.1776974936336395,124.772875441425,16.066885534653725,53.80042720071493,56.14829274130329,34.986731110683834,1.2805889688855938,73.37234320815442
33.0,13.279071540210802,11.26011421994994,17.4104541358448,24.816201988824677,0.7033082271934765,40.29659311501424,-12.909491283411137,32.56818019973472,35.03343155785429,30.88965357915407,1.948181202618446,111.62256063675804,-45.89843274851347,56.499533920864565,72.79329269956635,37.24182729017159,2.2530335725458563,129.08931480815954,11.79486424919204,51.452926104684316,52.78752151210523,34.45062542835587,1.3454536511136603,77.08881573927987
34.0,11.25480766930869,8.182079077866875,13.914636671850134,22.869437417180393,0.6286082298353399,36.016598536754614,-16.081280540931697,30.07377747444827,34.10336750848485,30.655945303101664,2.0618385699588253,118.13464809592982,-49.472288976557735,49.39750300219212,69.91152036275291,36.89097493629334,2.3569508987839467,135.04333901988622,6.582311221629257,48.03750810392832,48.48637959111162,33.71239514351792,1.4346199591257585,82.19766886313663
35.0,9.360030464477703,4.708241331831205,10.477485706729185,20.40514154093057,0.46605717710788075,26.703109260062693,-19.374864770588147,28.060012759214246,34.09911583789005,30.6548623647745,2.1751041034649203,124.62428513012668,-51.523828735972536,41.481593427238586,66.14701445172376,36.41020494132373,2.463752521466351,141.16262124473667,0.9191166249156058,44.55756050025789,44.567039088370436,32.980275634248876,1.5501716272639063,88.8182917631488
36.0,6.977132744129804,1.3330832529152996,7.103343739986932,17.02925662504027,0.1887892769307128,10.816828785456359,-23.217276494284544,24.680348552249573,33.884532348441596,30.600029923532823,2.32565816876019,133.25039766008265,-55.55476887818563,33.429382093212226,64.83714932230288,36.23647824172532,2.59989663364445,148.96310427809738,-5.249758870276722,39.84003789586099,40.18443215649175,32.08115671442269,1.701812434208304,97.5066700030209
37.0,5.015951114500776,-3.442455963621989,6.083606549123487,15.68322237497627,-0.6014732164193632,-34.461876790988285,-27.181345590175088,20.52948170475315,34.06295887262768,30.645647403501485,2.4947219541708705,142.93703903262005,-60.43948999563847,22.11581735672086,64.35869271736894,36.17214427864578,2.790809126967042,159.90158440180141,-13.72651721411485,33.707714513394734,36.39542955572737,31.22093698982028,1.9575128749209822,112.15722607549249
38.0,2.3824324093696707,-10.257240988701726,10.530288547115779,20.44880543454207,-1.3425746288156684,-76.92385991248088,-31.64864883409096,14.326612223980758,34.74030499060021,30.81667253734726,2.7165148471437317,155.64483572596177,-68.43335037355551,8.334871483869982,68.93905660801022,36.76930672076589,3.0203941314983913,173.0558362009396,-26.120736072416236,24.989098951014093,36.14896844099981,31.161918172708575,2.3783321521918865,136.2683946008609
39.0,0.8832828834360615,-21.1137427905836,21.132210563002918,26.498898587614587,-1.528986205902303,-87.60445653192264,-37.51456829413538,4.658307824853944,37.80268067328616,31.550451954594724,3.0180517210861972,172.92162597043338,-83.0089949514082,-15.150369597492702,84.38025208414314,38.52481636985984,-2.9610649161605695,-169.6565225602596,-47.35599908793443,11.146401385074189,48.6501070240717,33.741675999965175,2.910425686574823,166.7551084272023
40.0,-3.7873731111419175,-46.25494346913807,46.40974025370278,33.3321827552803,-1.6524944695800097,-94.68095877564416,-51.99317339781495,-16.274775826765946,54.480807704977515,34.72487075166817,-2.838236348807386,-162.61896404728378,-127.9290658008234,-67.22246535522412,144.51541691150362,43.198283602397254,-2.657779854372173,-152.27956853042008,-106.05270813674727,-16.487223591637754,107.32662970995949,40.61414983563029,-2.987364694990049,-171.16338888931628
41.0,-299.8276418759751,-365.77679908720063,472.95801249517524,53.49645174705871,-2.257435220774086,-129.34151067453837,-440.0320653882173,-210.26877849367384,487.68963263436507,53.762870468093624,-2.6958225491037537,-154.45925437984423,-1251.080482739694,-321.21922614820767,1291.6594619091516,62.22296059349603,-2.8902679746923825,-165.60015661169774,-1240.5391443312283,143.99814547274912,1248.8686218004063,61.93033507928181,3.026032748365849,173.37890514973623
42.0,-9.169804027980815,60.982849282792024,61.668413410426744,35.80125550299652,1.7200451140049815,98.55132560458397,-18.325167608982017,83.0443516623347,85.04220194065294,38.59268993112669,1.787982975961331,102.44387836382519,31.822971354352642,174.95540240501938,177.82602266406965,44.99990629943884,1.3908714643263418,79.69106475108002,131.0396506099767,150.84870068697884,199.8167173460081,46.01263639926135,0.855555510856652,49.01971991124525
43.0,-4.784742718902077,24.651749867889556,25.111800700767738,27.9975571187487,1.7625060964785682,100.98416069429945,-27.662110043981166,47.08432730746677,54.60884736086255,34.74526019795132,2.101975015728888,120.43429704321011,-9.52003166909859,88.4496608645723,88.9605165792021,38.98394592244975,1.6780157643908915,96.14322125601682,61.15353573925751,87.22164876994435,106.52403929423716,40.54895252258139,0.9593137505124627,54.964629133230126
44.0,-3.685362244273807,11.114222890060608,11.70930592825493,21.370623058642032,1.8909768244525393,108.34499119818128,-32.010571323875276,33.09217655331902,46.04094726997853,33.26288500892589,2.3395822001328836,134.04818589154573,-24.489165751381677,59.394391969543555,64.24494561154539,36.156779315751926,1.9618733225711902,112.40706132263715,36.9245819216391,66.28617666917009,75.87675511976158,37.602174998967556,1.0625580947100395,60.88009431434727
45.0,-2.4467116614299305,3.509242611809201,4.277988039103741,12.624791319724181,2.179653607509035,124.88495251073215,-34.02140774618903,25.369368807557045,42.43890972593782,32.55528436316706,2.5008566900834355,143.28853350883736,-33.29325864421435,42.71618881765026,54.15822982941468,34.6732892184602,2.2328532727639328,127.93306880134655,23.79910616797178,55.22411134335083,60.134016397187395,35.58240423353156,1.1638925839333738,66.68613286595824
46.0,-0.16908557199050334,-2.57196597709026,2.577517976264222,8.224034056920068,-1.6364436209145796,-93.76131288951183,-34.95163500485478,18.316779756649073,39.46037519038788,31.9232242044058,2.6588822490413975,152.34273109232436,-38.368074219141796,29.771992887270983,48.56419133235194,33.726323229367374,2.48168469227649,142.1900589496653,14.592136235018959,46.05603206962812,48.31240554867835,33.68117324424809,1.2639675496983631,72.42000603920833
47.0,3.3802621623712596,-7.491905635220323,8.219174066377038,18.296563561417006,-1.1469544277006196,-65.71564800108823,-34.44716443508715,11.715392429582218,36.3848534062877,31.218412589976353,2.8137668065309462,161.21696254822686,-43.0241970981347,19.25987783158038,47.13835412937689,33.46748829477664,2.7206928482183588,155.88421755433905,6.6296247092762295,39.179219233625915,39.736169210712404,31.98371992742313,1.4031713748019534,80.39579770972132
48.0,9.466086898955878,-12.967952665857457,16.05536039839977,24.11240117441864,-0.9402446558061609,-53.87205048742377,-30.939732035943454,4.60571570875702,31.280659130617387,29.90551791446595,2.993816946426842,171.53307566500175,-49.50098432472069,9.424800994384334,50.390220508547,34.04692517681398,2.9534483065501003,169.22012297538092,-2.424838835321623,32.629656295560636,32.719631925553564,30.29616818996118,1.6449739329053812,94.25006376451459
49.0,24.42315717938582,-21.64967311675079,32.63738581245666,30.274307307584873,-0.7252728976645844,-41.55507603140435,-20.606067477358245,-8.802787955125977,22.407567754318006,27.007894365680908,-2.7378651549275044,-156.86811825327726,-64.98493672662167,-1.4834324203741645,65.00186592020908,36.25851647046309,-3.1187692900552015,-178.69231759517513,-20.298553177526358,28.508424632456137,34.99659320741517,30.88051538801537,2.189543577374834,125.45160604355401
51.0,-20.373913674441795,-28.521063886993453,35.050641130506705,30.89391932587933,-2.191085864534318,-125.53997258858965,-64.81700665678328,1.6757692289364172,64.83866558199774,36.236681364634286,3.115744560757856,178.51901337226764,-20.570427919436536,8.874977086148004,22.403297147259067,27.00623878408054,2.7342770010507915,156.6625321798981,24.457895609467016,21.720869506688526,32.71062258304139,30.293776203078213,0.7261971905461655,41.60803411255293
52.0,-2.270592659597434,-32.764033028538336,32.842616389699664,30.328754953325134,-1.6399870799275558,-93.96433813583295,-49.79585647319019,-9.635998715094672,50.719619410400384,34.103519720587435,-2.950445146307169,-169.04805456825946,-30.941030369172676,-4.654299856368086,31.289133376606223,29.907870690875313,-2.9922872305422867,-171.44542940096258,9.303221086998537,13.051904983678236,16.028167278155635,24.097677326075285,0.9515402975886564,54.5192430884524
53.0,6.839987712890797,-39.24036975060762,39.832048027648526,32.00465273839996,-1.3982202635097385,-80.11211992877784,-43.613205060769204,-19.358639601917453,47.71654412161081,33.57337964579023,-2.7238472306568817,-156.0649503550366,-34.2719014878389,-12.044340225404339,36.32670316801991,31.20451970462225,-2.803640152374098,-160.63674800445085,3.2214163704718466,7.55703136301977,8.215001305758172,18.292152736026658,1.16784144309574,66.91238582985339
54.0,14.880305529733175,-46.40117649766757,48.728766381121375,33.75570833817246,-1.2604693155479822,-72.21957198664298,-38.31891767646001,-30.329376518850058,48.869320968451085,33.78072609232791,-2.472056922127233,-141.63842835399086,-35.16169392373048,-18.639294385228702,39.79658295338085,31.996915678559343,-2.6541542214175364,-152.07183506405585,-0.4338722563819797,2.44949432426381,2.4876228772582487,7.915690842403061,1.7461053087268052,100.04446477543357
55.0,23.469535601945395,-54.45102242947327,59.2936163932171,35.46015878653219,-1.163836889085662,-66.68294178624375,-32.9643901335176,-42.44768500594898,53.74436695356099,34.60665903531149,-2.2310981466559476,-127.83250748284578,-33.98059367849597,-25.103492190168218,42.24767528379375,32.51605632999955,-2.50532425327165,-143.5445060242301,-2.3368375612691064,-3.637039406204215,4.323062043279098,12.715829368828931,-2.141888792372366,-122.72118798930926
56.0,36.21247704966985,-66.3090675679982,75.55286848168119,37.56501915301553,-1.0709395649238904,-61.36031718371554,-24.662072373752693,-58.87745196054051,63.8339420930117,36.10103330607299,-1.9674644435735273,-112.72740895881802,-31.852052659796374,-32.987604521966205,45.85559192443258,33.2278460776965,-2.338683049869912,-133.99666837632938,-3.4338074280157933,-11.057306900437894,11.578215291795532,21.272832416395786,-1.8719004619793012,-107.25199614000297
57.0,62.17303428012235,-86.93297742117427,106.87763449341337,40.57773666126971,-0.9499525889524408,-54.42827408450077,-8.870160867505035,-89.81616318302598,90.25310478169362,39.109243018504365,-1.6692361866946837,-95.64018850811692,-27.76370336268256,-46.84289927256465,54.45255215938615,34.72036479396193,-2.1058295774021927,-120.65514715896336,-5.063917892311701,-24.544164022334666,25.061110350009272,27.98000617609904,-1.7742600285344217,-101.65761139378337
58.0,135.35300929003773,-147.36639060014815,200.09320378859567,46.024646759507306,-0.8278648590729584,-47.43316243207319,37.32155425657619,-173.6505451002386,177.61590645473328,44.989637131574625,-1.35909344578111,-77.87031840714978,-15.597715551311975,-83.99375054594066,85.42973054618248,38.632180731147656,-1.7544057190278977,-100.52004325391309,-7.485525229646299,-62.95154237495996,63.395029579219,36.04110417626616,-1.6891499194046007,-96.78116134674677
59.0,-835.4546833357824,91.98174308196468,840.5029262103072,58.49078459548069,3.031936472894568,173.71716364863966,-784.8496051602169,395.87840406597434,879.0384596398335,58.88015753433005,2.674430976007037,153.23360752425677,-258.27133713594407,201.22617593596337,327.40809010743726,50.301788128617375,2.4797093557523167,142.07688050371215,-132.06844242735895,291.2901860135877,319.83127732137007,50.098418650610064,1.9964668967866535,114.38912712345578
60.0,-110.25638732575092,16.99380974612012,111.55832786400724,40.95003992097364,2.9886661178667837,171.23795492751495,-131.2593064883128,67.88454456005958,147.77454763902867,43.39199277159436,2.664296559408677,152.65294822534338,-52.905937481075256,17.606954105149235,55.75879350929569,34.92626736136718,2.8203245904545384,161.59269589000743,-4.476137230955381,47.85499726855767,48.06388007728887,33.63637654789166,1.6640603924603803,95.34363734286319
61.0,-47.108364632769835,-11.282335369107724,48.44057297096123,33.704185429575155,-2.9065228631997235,-166.5314931196241,-82.47900423977484,14.458547354188799,83.7367048072595,38.45831733215952,2.9680561762959785,170.05709225949659,-37.50813808669513,-4.836693209441024,37.818699395045876,31.554131783005765,-3.013349844591096,-172.6522282914723,0.9341426904475569,20.746214956341625,20.76723519346881,26.347573628202593,1.5257995815000118,87.42187640277795
62.0,-26.099090437699626,-24.941314578584368,36.1003004777402,31.15021633466796,-2.378874117152472,-136.2994469057464,-68.73319090866221,-7.954313965387465,69.19192614132493,36.80110841027927,-3.0263777735097213,-173.398673634306,-31.647714984049884,-14.677107383720521,34.885460364812715,30.852889170112114,-2.7073507712157623,-155.1197728521517,2.466023811368215,9.76402821126429,10.070626611517277,20.06112987871438,1.3234077000067395,75.82567578550155
63.0,-13.750873092782374,-33.93130137853936,36.61174298029354,31.27240809781896,-1.9558257538515589,-112.06056115868694,-60.67037706903675,-22.603652071425557,64.74426415262715,36.22402598565925,-2.7849585857180768,-159.5663730803685,-27.07358171857386,-20.46213311903114,33.93637751518638,30.613309647595393,-2.4943917465350736,-142.9181195287259,5.0852342626584175,3.5273363048771706,6.188837444449453,15.83218151391204,0.6064466554546067,34.74683385737335
64.0,-5.236965135025866,-39.40784309622555,39.754294124310746,31.98768093092815,-1.7029136622697416,-97.56976572322264,-55.578221200107734,-33.58340521733514,64.93676753396214,36.249813324511294,-2.598050518319477,-148.857329661482,-22.96969273440383,-24.696844772293225,33.72745063030515,30.55967030493786,-2.319976278008445,-132.92484930035326,7.033661166023777,-1.1863383038123043,7.133006937436919,17.065452928161054,-0.16709317720395706,-9.573733839218317
65.0,1.1623117188424432,-44.673512799414766,44.688630705932724,33.00394095493549,-1.5447842788532629,-88.50961943645243,-51.48190513689228,-41.83839926370395,66.33881374785865,36.435354026405086,-2.4591666951022586,-140.89987274849435,-19.517449548500792,-27.949604022092064,34.08975215325009,30.652476874758445,-2.1803862378200267,-124.92692913549533,8.844212884102237,-4.8131435208166735,10.069083974786363,20.05979925657211,-0.49839005109203116,-28.555646478882853
66.0,6.7192892071521575,-48.35096502229938,48.815619078702355,33.7711760279172,-1.432711628866105,-82.08832959334138,-48.571271123846834,-49.47542133577728,69.33242888388465,36.81872829717926,-2.3469731226848585,-134.47165456048197,-16.28312794338843,-30.804306667568074,34.84315664359841,30.842349867467263,-2.0570605670412356,-117.86088869425073,10.373630747339984,-8.289722876668936,13.278995453501963,22.463304444160734,-0.6742010128231753,-38.62887257821344
67.0,12.332579705961578,-51.83799019664718,53.284798487294516,34.53206655399444,-1.337232042029427,-76.61775223794689,-45.73519158064603,-55.98777419838479,72.2934202303897,37.181975437544835,-2.25574445170405,-129.24463674269404,-12.96903543664732,-32.782248771421735,35.254385750831,30.94426304436642,-1.9475138205050524,-111.58432245833806,13.380324180746676,-11.21782820467196,17.46060551101845,24.841186007934276,-0.6977106594350234,-39.975876106916374
68.0,16.94047809828009,-53.9927893744011,56.58799433295677,35.05448602729617,-1.266769020029344,-72.58051846560465,-42.983497532216205,-62.22336647029114,75.62624144434383,37.5734503378063,-2.175316675521274,-124.63646461179816,-9.674042231698348,-34.687526520883196,36.01127030858059,31.128768830245072,-1.8427764462134735,-105.58331295414858,15.986903071211408,-14.091103864481346,21.310567283108863,26.571900214035043,-0.7224520149770502,-41.39345135890712
69.0,21.37790699335595,-56.52743908898341,60.43481014593581,35.62574324247365,-1.2092350572882493,-69.284065221877,-39.894403677530434,-67.80370751642548,78.66960148468229,37.91613900352453,-2.102628531839964,-120.47174075821856,-6.603969132245754,-36.44945204896674,37.04288005770583,31.374094908223746,-1.7500335222694285,-100.26953483245202,18.596332071653862,-16.331596216524122,24.749638411475978,27.871377166767243,-0.7206485460319418,-41.2901201998695
70.0,22.55719023723902,-54.93244694482598,59.38350409621441,35.4733164164803,-1.1811555229761688,-67.675226415102,-37.248438041060055,-71.5593557868923,80.67333845288495,38.13460058888185,-2.0507288336951897,-117.49810709652006,-3.918736865554548,-37.591544635741904,37.79524740919726,31.54874385191592,-1.6746663247700102,-95.95131250200642,21.028637228333647,-19.62380696673697,28.762777743963017,29.176616508084628,-0.7508548173059398,-43.02081205869684
71.0,29.854055539401994,-59.31621091156191,66.40540270982923,36.44406829567781,-1.104509425218577,-63.283728497444876,-34.896961364911725,-78.44561702473996,85.85751419005976,38.67556620623941,-1.9893638265767972,-113.98215117884591,-0.7120506297089118,-39.182351939046214,39.18882135985398,31.863244037304295,-1.588967065034731,-91.04110661177948,23.98119065689645,-21.354115744166965,32.11067991397406,30.13299002896375,-0.7275152346393263,-41.68355247630319
72.0,33.999628859788494,-60.4136344999835,69.3237477066911,36.81764066085488,-1.058193643087614,-60.630029656493264,-31.01600817908399,-83.55756960260754,89.1283355687719,39.00031592693297,-1.9262254274939627,-110.36458738618683,2.5546219038379823,-40.19973917499088,40.28082822893374,32.10196783324121,-1.507333443128086,-86.36384461016203,27.617504386985363,-23.451348240951944,36.23109552419793,31.1816293210003,-0.7039992184630708,-40.33618399844238
73.0,36.97292878142847,-61.00561114716844,71.33499880224366,37.066053165725314,-1.0259344359991924,-58.7817132398882,-28.955780729397063,-88.6713945266425,93.27943741762385,39.395718362544415,-1.8864309030817665,-108.08452908963767,5.339380166508865,-41.13617911784055,41.481251342956966,32.35703698092835,-1.4417202961940196,-82.60448821026829,30.58797500230832,-25.714367455655598,39.96064199166873,32.03264913622378,-0.6990520305071112,-40.05273100810794
74.0,40.582077561104626,-62.18278130164569,74.25364172607165,37.414355164566956,-0.9925775262166732,-56.870503091751196,-25.613318182331497,-92.92676966047982,96.39204628931385,39.68082399856073,-1.839747275785592,-105.40975427320514,8.379729363771212,-41.475619633942735,42.31367259207767,32.52961442638653,-1.3714401120399926,-78.57773027484033,34.15309924929007,-26.42739781695012,43.18381112995005,32.706419355456745,-0.6585549736611012,-37.73242056813019
75.0,45.127227239396,-60.88051640840304,75.78194980646721,37.591315502362434,-0.9329236071708396,-53.45258529900985,-25.22483911032557,-96.85749740164222,100.08829757294775,40.007666045771,-1.825569446476076,-104.597424491113,12.91529548422487,-41.13967506896557,43.11934278516902,32.6934426563057,-1.266602192930926,-72.57095997695689,36.34930875750213,-26.070476902061017,44.731890336192116,33.01234503040163,-0.6221902301415225,-35.64887424138262
76.0,49.21591856950126,-60.85484502046159,78.26569365375981,37.87142877327766,-0.8907470896241548,-51.036048849025356,-19.228316806656824,-100.00565346629047,101.83741401094656,40.158147252221596,-1.7607504824774634,-100.88357142158206,14.95845649143026,-41.88790448706593,44.47866862804653,32.96303558220558,-1.2278043446651898,-70.34800701714126,40.686202753972374,-29.24088167818517,50.103854700561456,33.99742278512326,-0.6231616243448508,-35.704531029476804
77.0,52.125798780077,-60.218148964235965,79.64498956707817,38.02316919425231,-0.8573058876215395,-49.120009112431056,-15.498642241524418,-103.66923207446007,104.82136037201113,40.40899583357153,-1.7191981094925561,-98.50279582079345,17.563223227684553,-41.63585420482595,45.188617654349656,33.10058112435788,-1.1716143532604928,-67.12855765877573,44.58247170919529,-30.13824598960764,53.81366606198931,34.617851588284765,-0.5944439606149091,-34.059130100275226
78.0,53.73045937731173,-60.16478717737205,80.66451438517075,38.133650472377234,-0.8418315617603334,-48.2333955497738,-13.912194038396983,-109.205924099979,110.08852347766494,40.834840938906645,-1.6975079229334955,-97.2600396741079,19.7891657134252,-42.56803326394964,46.943035006208596,33.43142329188928,-1.1356346507446644,-65.06707255648254,47.94328983286312,-32.14883186362108,57.724400648194646,35.227188646757654,-0.590692851039928,-33.84420735313769
79.0,58.80489430180443,-58.54239833362465,82.97727397606629,38.37918325999193,-0.7831612517102596,-44.8718344011806,-9.719903877967756,-110.59459091522007,111.02089925370721,40.908094814689164,-1.6584587778575777,-95.02268846766374,22.734864654861447,-41.53526587437329,47.35031554414127,33.50645755004783,-1.0699799951822577,-61.30533788737152,51.62281625473102,-32.49761930364211,61.00008539726952,35.706608860063525,-0.5618433846675996,-32.191254688798686
80.0,62.8111009823387,-59.91465513864451,86.80437953811,38.7708327434498,-0.7618015824006036,-43.6480154979422,-6.136877553838573,-114.83840765921462,115.0022658029605,41.21412794029467,-1.6241847868631292,-93.05893343661245,24.907313770581666,-41.17125274071579,48.11908489888502,33.6463471916672,-1.0267314753106205,-58.827380228539035,54.97088213078659,-32.173816593123625,63.694209755713196,36.081999075140395,-0.5295318684105575,-30.339941177601826
81.0,67.2737810928322,-56.72858698198753,87.99939888146528,38.88959411042286,-0.7005620138857178,-40.139246682837005,0.7538505792154595,-117.04488268211001,117.04731031836947,41.3672287660674,-1.5643557192406552,-89.63098036964189,28.767668225701637,-39.84175076131595,49.14207808864887,33.829070353972256,-0.9454256007956615,-54.16889676921161,60.695959553623695,-32.56118957735036,68.87837521913009,36.76165787875846,-0.49239142927925333,-28.211950766115567
82.0,69.23032013311744,-54.531075440930614,88.12760869601757,38.90223971783691,-0.6671811261078583,-38.22666269676582,1.8234374787984429,-120.93267241850862,120.94641864280811,41.6518602589693,-1.55571934821523,-89.13615275957596,29.926277702815646,-39.44903429826598,49.51573895451634,33.894865293681335,-0.9218100338765319,-52.81582445393672,62.40527735619799,-35.145035031836876,71.62117095728776,37.100828343048946,-0.5129013780856407,-29.387084270750947
83.0,70.47985772010315,-52.50912225278196,87.88980750919633,38.87877026616855,-0.6403082777407931,-36.68696190183796,4.9090638348404205,-123.1740078015693,123.2717936335624,41.81727430228527,-1.5309627026802148,-87.7177014555182,30.80506040949507,-38.72338339277545,49.48183675063526,33.888916242690705,-0.8987956861010008,-51.497199458152494,65.67732728597646,-34.52259266447072,74.19784851130278,37.40782624757087,-0.4839481350956744,-27.728185644209137
84.0,74.0667486895743,-51.57643177614485,90.25525788675073,39.10945022921339,-0.6082725637483276,-34.85145069638149,10.254242370761137,-128.14580862048152,128.5554267761396,42.181808289229316,-1.490946353813426,-85.42493355392808,32.42270801171152,-38.30923405952153,50.187940872682816,34.01198755341946,-0.8684298447977911,-49.75736491011454,69.38807506599436,-36.25390528100088,78.28825333016346,37.87393207472286,-0.48146972061979704,-27.586182954857236
85.0,76.08097669469261,-49.96976829207751,91.0235835263712,39.183078586732705,-0.5811386989659864,-33.296794762474676,11.759647512840694,-132.68177860553456,133.20189069061425,42.49020778657652,-1.482396850453549,-84.93508309447421,34.42098124380305,-37.20758074446308,50.687355569628814,34.097992681254034,-0.8242820231014738,-47.22788105221947,73.07842834677831,-37.2152394786496,82.00872355480514,38.277201045285175,-0.4710207379453516,-26.987500347406193
86.0,76.74897995625781,-46.81033110490279,89.8977920889979,39.07498050978363,-0.5476778440637696,-31.379628997678026,14.357675018768496,-134.53668170511068,135.300633982871,42.625996631822,-1.4644793162410843,-83.90848400481873,34.4061548199123,-36.57899018453254,50.217586684466454,34.017116758217874,-0.8159983281145767,-46.753260290696595,74.58379446761651,-37.49078967528376,83.47635418287042,38.431269461237434,-0.4657786908398889,-26.68715317225441
87.0,80.05367285360579,-46.702424156913814,92.68067198442418,39.33978347993091,-0.5281159065832142,-30.25881254094342,23.469059362106908,-142.58743369968835,144.50596180229076,43.1977152981733,-1.4076648142356363,-80.653252824769,35.43489525072868,-36.462081321214924,50.844027925657144,34.12479897162584,-0.7996841075310752,-45.8185243052165,80.38259800974645,-39.47729465688191,89.55344134215487,39.04164558978511,-0.45651633289700483,-26.15645915378768
88.0,83.90467484106075,-42.489498473035425,94.04973121000513,39.46715117387291,-0.4687561142016323,-26.857746964705964,28.961859471520132,-143.41361408233288,146.30876258175513,43.30540674491802,-1.371529955076626,-78.58287790165807,36.59380851903986,-34.08964605396349,50.012106434469075,33.981502935224846,-0.7499851295622352,-42.970982621488304,84.11707032019213,-38.62801245209802,92.56243765832654,39.32869566727918,-0.43049252912515923,-24.665405030784292
89.0,82.19834601904297,-38.25951252613444,90.66619208395022,39.148907521027255,-0.435630530055824,-24.959790799245674,26.028165577881214,-147.8762976080333,150.14947484959524,43.53047635170276,-1.396567833846969,-80.01744268315892,34.434704659021584,-32.83126101547792,47.57773202686823,33.54807471800478,-0.7615653078371757,-43.63447796265148,82.39156787680179,-40.62018290516951,91.8605993690824,39.26258549523615,-0.45804307436836383,-26.243934996504144
90.0,95.37844762491856,-29.793346193720684,99.92342942852903,39.99334661707493,-0.30276624364238486,-17.347227939738247,56.38899450808162,-139.60453020530568,150.56275620310808,43.554351127089326,-1.1869156285350955,-68.00525615317835,37.93913895432041,-27.695407624100298,46.972479901111306,33.436869785286284,-0.6305749404748189,-36.12928275592023,94.46239202184368,-27.83772319612272,98.47884208921441,39.866858670678624,-0.2865839963835239,-16.420053468768366
91.0,84.82579310641682,-28.53494537989834,89.496694262785,39.036139881749456,-0.3245032298020144,-18.5926655060193,34.39146144276215,-150.4426803700877,154.3235973437159,43.76864676657817,-1.346056333559699,-77.1233468998245,31.029106646030524,-27.970189434029407,41.77483639975417,32.418295155354954,-0.7335978715577316,-42.03206190003827,82.00688358780639,-38.19790400153552,90.46661719051151,39.129767021773,-0.43590620279413045,-24.975585683677448
92.0,85.36071674437702,-22.83171410227431,88.36141200751467,38.92525294484181,-0.26135533775955244,-14.974557806838476,35.686499335082075,-150.98647572153214,155.146518122714,43.814840667425905,-1.3387000981604014,-76.70186565834003,29.680435218297262,-26.645871937750957,39.88647297105329,32.01651269564692,-0.7315754895509863,-41.91618794648857,83.12440316682992,-39.31151196001165,91.95140768049082,39.27116764444329,-0.44175301387251037,-25.31058328207895
93.0,87.31168120457178,-17.19042303198817,88.98786613234122,38.986615856263896,-0.1943992722807191,-11.138257842099737,41.29409070468995,-153.42070289623223,158.8808169802167,44.02142928680856,-1.3078713852418025,-74.93551052028387,28.995524206725282,-23.908272757898896,37.5811911770886,31.49941082845561,-0.6895325005489701,-39.50730211855811,85.61607686111094,-37.992531870598015,93.66720394581051,39.43175112649088,-0.41764816479665323,-23.929477164232512
94.0,86.5345594284923,-9.545762520309383,87.05947138351696,38.79632051672655,-0.10986735468415144,-6.294935729668754,42.65866846872923,-150.1394495853347,156.08208198672972,43.86706099002005,-1.293964790871059,-74.13872135543987,25.63894955868917,-21.78042872855529,33.64138537683435,30.53747744116548,-0.7042069129054075,-40.348084013416596,85.51931546622313,-37.853702518553746,93.52248987369056,39.418321212863944,-0.4167109702138156,-23.875779870053393
95.0,86.43366428512512,-3.374579228357085,86.49951506639891,38.74027345459631,-0.0390225982820929,-2.23583018719838,47.530506774923936,-156.53066568817908,163.58789189626955,44.27502311662818,-1.2759944562158512,-73.10909702325878,22.77374781258242,-20.42853397204605,30.59360373800612,29.712612744236274,-0.7311669011067057,-41.89277755307348,84.30902733655941,-40.175092313660926,93.39191684962836,39.406185785947606,-0.444689283683342,-25.478819149751278
96.0,86.51134490235685,4.162673001538625,86.61143483012093,38.751504666163626,0.04807999360614095,2.7547807126478596,51.244530936837734,-161.26329239907622,169.20948976439377,44.568494317882774,-1.2631181431243326,-72.37133862742571,21.217380267813816,-17.120853718598166,27.263544477610605,28.711646338116527,-0.6789498088802185,-38.90095855005038,89.41093509379206,-39.0439515737458,97.56405828397722,39.78579713945142,-0.4117218259171482,-23.589922958472584
97.0,86.91788599071482,13.881547867559478,88.01940852047488,38.89156891663191,0.15837127976437768,9.07400592658446,56.09300751457141,-159.9623168782632,169.5121479808797,44.58401654187515,-1.2335301954453457,-70.67607410096588,17.884773307009592,-13.801569491890753,22.590892781884747,27.078667887627734,-0.6572412198647954,-37.657148020282584,88.3940987112715,-40.030954536292846,97.03604489087935,39.73866173469061,-0.42523729551003275,-24.364302324282267
98.0,85.64641541865143,25.384620309922916,89.32909616884727,39.0198587964518,0.28814029000738917,16.509222525098966,44.82419652861891,-156.6040248314858,162.89269224816954,44.238032025337255,-1.2920233251071513,-74.02748356109882,12.830121464426353,-10.026984693697965,16.283502044695027,24.234956260602907,-0.6633700634165038,-38.00830488909144,80.79189624739789,-42.18518339262738,91.14230739409614,39.19440038307185,-0.4812072140380046,-27.571142435626125
99.0,79.53201690159634,39.6480365171018,88.86680208096409,38.97479104264083,0.46246024400515323,26.49702017408551,-3.233194221114317,-136.20597806510008,136.24434669204433,42.686369815100306,-1.5945294051980148,-91.35980522735176,5.819272222231101,-5.770176014847812,8.195050972309781,18.271033183570317,-0.7811619035957061,-44.75728019243925,49.52760426430356,-47.01462657376579,68.28878894834864,36.68698821784353,-0.7593742115818264,-43.50893739471305
101.0,78.87569549594015,71.69027282308542,106.5873846072634,40.55411611638754,0.7377115888398094,42.26776053841136,144.35816264511496,-15.709085581458236,145.21038011133723,43.23995324518058,-0.10839369265288332,-6.210501114848414,-4.415992949956402,5.147397693772018,6.782086460073635,16.627266439875086,2.2798634350153333,130.62655269257704,62.618097238747396,55.21149216497845,83.48254289900794,38.43191338625533,0.7226221394323428,41.403198772187345
102.0,73.05917243831352,85.01388464087668,112.09372533332773,40.9916260557567,0.8608822365637288,49.32491881288458,140.66633312134272,-41.86439152881184,146.76390752457573,43.332385322753396,-0.2892671619318571,-16.573787530422763,-11.07215696373128,8.3197539629297,13.849583597826598,22.828734321605417,2.4971883411934983,143.07835259966248,75.13287508890238,44.364863681433114,87.25359619291775,38.815666712522194,0.5333940750897651,30.56122931992766
103.0,71.01371487616538,103.1238384780125,125.20971912336728,41.95276082634153,0.9677450508585599,55.44770705886869,139.2948261343971,-65.47442919294647,153.91539710488385,43.74564134311591,-0.439395349478533,-25.175499062795776,-18.359051581232617,14.101940916624093,23.149935476763574,27.29099569790053,2.4865957181049696,142.47144000271695,84.2672730316691,36.781948240925395,91.94501085209562,39.27056336790609,0.41156364786447225,23.580860023642657
104.0,72.34148565890912,116.67329380591124,137.2805449976749,42.752179892757674,1.0157755661867234,58.19965287501086,119.80016767326916,-66.77656834399652,137.15389259639642,42.744162758555085,-0.5085065473428515,-29.135279017514776,-23.125315903721354,20.20901552937905,30.71130971341977,29.74596675490004,2.4233908581080956,138.8500682801808,79.29490023072795,30.30753420579161,84.8895036635056,38.57707988666216,0.3650792695290026,20.917501331730886
105.0,67.86097972064545,135.3751921146366,151.43168495635456,43.60433509403369,1.1061246316518392,63.37627300911318,122.64669019624647,-56.85865180050473,135.18549071799495,42.618601636956384,-0.4341035798733253,-24.87230299826177,-31.63975973446327,28.535641800257302,42.60700938821164,32.58962103755137,2.4077333072318394,137.95295669745997,81.77306224970178,33.90651620454533,88.52392643134792,38.94121337163179,0.39306440896610584,22.520931710562017
106.0,63.66826884735194,149.2033207465692,162.21984890827108,44.20207985125521,1.1674684346842579,66.89101402215259,117.50383092661369,-39.60686444142171,123.99941126195468,41.86839246352029,-0.32510861561432025,-18.627351558041525,-37.92418688924242,33.15594546576896,50.37420640505647,34.04416434660826,2.4231767541557034,138.83780102733166,73.59595118896725,38.06885138865398,82.85892515269717,38.366785906476935,0.4773666081565868,27.351091927847765
107.0,62.29176772641196,188.0112952815963,198.06188800459532,45.93601829202419,1.2508595107470064,71.6689707296025,144.64665290979605,-36.415793836896626,149.1601965632198,43.47305894005322,-0.24663153716935313,-14.130946174627825,-55.63868503748428,46.5099107027026,72.51782585181209,37.208895501763685,2.445325305374538,140.10681953450023,81.23427040050797,55.01065448191477,98.10799556627103,39.834088055613236,0.595249431299566,34.10528017102757
108.0,85.66155781021153,216.9888692706364,233.28538718449883,47.35775071553252,1.1948032489305627,68.45718351223994,150.8630427181251,-50.74909293781353,159.1701231141751,44.03723104386984,-0.3245006586955308,-18.59251819246911,-62.708758251262566,68.15062166622567,92.61153057210704,39.33330123516946,2.314632855955808,132.61869376858002,91.12880581444442,58.41436013382188,108.24369135894504,40.68805188566511,0.5700284781475726,32.660226000121185
109.0,92.66416778208136,233.420090993239,251.14057193141392,47.998337579035955,1.1928921829068078,68.34768749470793,146.25444602119333,-39.38201826934781,151.46387801694962,43.606181442456545,-0.26303184352555214,-15.070614511559606,-67.40255935103077,81.48257110329553,105.74740848206558,40.48539466122917,2.261905281761404,129.59762630327776,87.74174236114378,62.247362272717254,107.57949368945849,40.63458991986991,0.617032420599596,35.35335352309792
110.0,107.97368433333872,247.22375103982677,269.7737933653262,48.61999517435138,1.1590199451804588,66.40695123032432,147.2117879426219,-38.80768519224382,152.24108164107275,43.650637217229374,-0.25775402323260427,-14.768217683745192,-74.74466097130116,93.11992117887479,119.40721948054315,41.54061170936383,2.247163811553031,128.75300227652014,86.1295290038452,70.93503871402709,111.57990627252174,40.95171984531498,0.6889578608614524,39.47437768972262
111.0,113.19604668154679,283.548583203663,305.308277026902,49.694771567033385,1.190969293423401,68.23751404283863,167.8684020408518,-17.052775038044658,168.73232511954316,44.54396582205219,-0.10123690657787117,-5.80044747787222,-85.0274861580979,115.92332962508337,143.7633185264282,43.15296178300356,2.2036407683545396,126.25931558968102,88.96042484782487,87.64178774764247,124.88010309376072,41.92986497165624,0.7779315944559136,44.5721971122066
112.0,119.96475665726491,304.31205687488955,327.1045258006419,50.29373106083332,1.195285866921739,68.48483548625141,174.75322009633908,-2.4996383054793263,174.77109636807154,44.849392212903886,-0.014302842890936139,-0.819492532689334,-93.95224068110105,129.66493838105293,160.1250129566327,44.089183557880006,2.1978272435271036,125.92622515297441,85.80887733423138,100.76506656027625,132.3509050526594,42.434538309503196,0.8653893763740937,49.583158901693885
113.0,147.16228495244417,312.8478469914124,345.7318519887726,50.77478785152063,1.1311113759342024,64.80790800026523,181.8915251262411,-6.4234357995174225,182.0049104838123,45.20166210775141,-0.035299981769041575,-2.022539972254832,-89.27205678279923,150.0433465649215,174.59239952137798,44.840506675389676,2.1075128636948626,120.75159235924556,91.93503109635654,107.09272874521213,141.14142727343955,42.99309009728111,0.8614101407729275,49.35516549605886
114.0,136.44952293533194,307.43480257652465,336.35491693231774,50.53595561412195,1.1530832110159621,66.06680141860754,172.253480490243,13.57481128297625,172.78754886383146,44.75024887691322,0.07864464076181048,4.50600599697426,-90.92526519571987,145.39555999329764,171.485488355944,44.684547491238675,2.129657926723083,122.02041100781379,79.38938379953596,112.93393113743512,138.04617728218685,42.80048769676193,0.9580785605470816,54.89385796131688
115.0,167.07063818228917,325.55010933688243,365.9173019028937,51.267658899942745,1.0966486477613018,62.833339125451424,189.2935084518861,14.628620848991408,189.85791763834297,45.568574264432456,0.07712680233471322,4.419040261118812,-85.16099392723966,174.59380268991066,194.255993020547,45.767488523266444,2.024609261258072,116.00156583318697,90.37019067931992,124.3790065996408,153.74299543761379,43.73590676705127,0.9424591007834762,53.99892883858788
116.0,172.5612727371851,365.2347706746691,403.9478067256404,52.126505088579506,1.1294169509471579,64.71082459980607,213.03128170718875,35.16874880756464,215.9147236260121,46.68564517382709,0.1636115567885596,9.374251683549458,-104.76896029818731,197.83696808996325,223.8660335669355,46.99976409101019,2.057820870629538,117.9044508810091,91.28518970584315,149.74734286886118,175.37745737669948,44.87947538766073,1.0233517375827532,58.633735520871106
117.0,178.22708478839107,355.2373315579059,397.4398765656888,51.98542878560224,1.1057794876093783,63.356497712156084,207.7380392155976,37.72379129012122,211.13544791541236,46.491223078436676,0.17963559687060252,10.292361550998983,-97.21146924300471,199.24600555845498,221.6958287460175,46.91515043697362,2.0247145006078133,116.00759560376586,88.71747149252954,151.1074653658349,175.22629893173797,44.87198576081833,1.0399049089187045,59.582162375978044
118.0,175.31422041918293,367.3315244868493,407.0227570579053,52.192373835038836,1.1255021522130015,64.48652315469576,211.4427125219848,55.52116258946764,218.61065887540983,46.79342666351987,0.2567855394532613,14.712727650661963,-100.90914065861051,206.94511903377446,230.2366976838452,47.243490949851925,2.0244853607747766,115.99446685841453,85.48740102346962,161.9043282585639,183.08770369034707,45.25318355465735,1.084991188613855,62.16541591645655
119.0,203.2269609997586,378.3657353524362,429.4901947262443,52.65906506649331,1.0778972689090953,61.75896425716913,230.4849991086759,52.35421932751609,236.35629692377566,47.47134354236779,0.22335804936932752,12.797473549137145,-92.06397022697232,229.03557920063196,246.84625002969318,47.84853068022731,1.952994331617732,111.89833261466916,97.1164412414536,172.15888084173696,197.66204342787742,45.91846561566679,1.0571851439960818,60.57224691490569
120.0,193.74108756867747,381.78309745770946,428.12841825402904,52.631481126706596,1.1011955505527282,63.09385746525641,226.07620751562658,67.70245784296324,235.99592030928602,47.45808990664963,0.2909681143564245,16.67124492550302,-96.17145547046486,236.5034210183453,255.30925756949804,48.141331254052545,1.9570126306687492,112.12856419111387,93.05770362341013,183.23428176372192,205.51043335346623,46.25667750067169,1.1008790267284405,63.07572198600939
121.0,227.9976277944515,458.9860944521689,512.4950274689038,54.1937931193054,1.109758587643244,63.584483350356955,291.63710355658924,98.49709658508127,307.8211789441519,49.76596994357717,0.3257100086492034,18.661808840768895,-122.18303000722135,285.7861709239694,310.8093118185647,49.84988043493522,1.9748105227538486,113.14830829181935,104.32982077765887,231.7011803629287,254.10656914978182,48.10031785107615,1.1477116821780016,65.7590354866596
122.0,272.6880259273724,450.57064683441433,526.6618148992292,54.43063662802946,1.0265577291922576,58.81742530925007,312.14555748402546,74.05754838983395,320.81048849831205,50.124971171199995,0.23294621400239596,13.346834915888568,-91.8343170039418,307.5106561996902,320.93043709804857,50.12821815224836,1.8610029617536772,106.62761536983186,130.13511080023494,231.57701883705397,265.6370883676575,48.48577422633766,1.058823439466755,60.666114330970665
123.0,274.66325973981765,474.60493200064013,548.3518466552608,54.781186207174414,1.0461710305002656,59.94118469651734,329.79296126575656,95.91520875761613,343.457602290958,50.717462674925855,0.2830271185487201,16.21625938059048,-107.70732784809304,326.2326509670687,343.55292318531923,50.719872963395204,1.8896836229054919,108.27089620747566,127.82755919651956,258.55785965375816,288.43032378526397,49.200818349818064,1.111649457250562,63.692822198465834
124.0,296.54123783358347,489.7857483549725,572.5615993301632,55.1564443463538,1.0263784250780947,58.8071519402592,351.9416016640067,98.56918461993536,365.4843021778983,51.257374568481005,0.27307598476581113,15.646101413459743,-98.6182448847151,349.6790825925617,363.3194448786319,51.205772839032655,1.8456818270801438,105.74977901568685,143.0166294752455,272.0803297968595,307.3783697152867,49.75346605678063,1.0868468068590824,62.27173501029556
125.0,511.2965886685118,685.7873858374163,855.4113280508826,58.643499944775755,0.9301419933211945,53.29321056519005,590.4417232768625,102.80287189005708,599.3245022982079,55.55324066807551,0.17238373059289838,9.87686021969329,-63.45608043517639,547.7088160454679,551.3724887207592,54.82890185509629,1.6861394097373292,96.60867184862879,269.84284961390625,379.4458058482348,465.6117299462821,53.36047825529258,0.9526263348291379,54.58146843872602
126.0,329.70989748800855,510.73103802502834,607.9101987166164,55.67678858932708,0.9975454333250348,57.155143202073354,393.55347669820503,111.14497871934468,408.94687346374,52.23333784424656,0.2752457213664093,15.77041816332908,-95.54071305065955,378.0456540479504,389.93146115025274,51.819765542576164,1.8183358715606874,104.18297117766953,154.0287589160256,305.1787999887574,341.8463961135017,50.67662011495254,1.1033826848185344,63.21917102791555
127.0,366.21176665511615,540.2373400930347,652.6618126315178,56.293764055709524,0.9750762506159548,55.86775386373475,432.18656597968277,112.25939228494661,446.5281614517681,52.996977079829605,0.2541315587378217,14.56066575675816,-93.35891707838084,411.50659411131886,421.9639373159106,52.50550672094229,1.7938909092687338,102.78237800798414,171.97301160730055,327.1092082005192,369.56075388338434,51.35371688749396,1.0867727077485805,62.26748944399812
128.0,376.2372651847334,546.1276555028601,663.1816461714981,56.43264996855426,0.9675466165136594,55.43633760839544,443.2239365945412,118.44764707617472,458.7780542574415,53.23205270320503,0.261138600559704,14.962139680023677,-88.36035215689657,421.2003793686836,430.36880859747936,52.67681575758697,1.7775799337570692,101.84782795142452,176.3798004848877,336.9047974503981,380.28236425606514,51.60212370602973,1.0885023243497869,62.36658917542301
129.0,346.5729788528356,585.8193743364769,680.6593634255753,56.658596464513266,1.0365733635175556,59.391278885236,447.74544671437553,170.21451103196284,479.0083139354743,53.606861026744895,0.3632860371353685,20.81475668388951,-126.6821611397674,427.0292732062973,445.4238095635891,52.975468559560426,1.8591853529216646,106.52347405495185,149.8057510919375,368.86956612084225,398.12877297477246,52.00047130815604,1.1850242160004063,67.89688619762252
130.0,220.43028910938244,665.1841549648676,700.7563573548019,56.91134092854904,1.250802683016731,71.66571474049842,406.57006492719864,302.32734526048847,506.65672934163337,54.09427630524892,0.6393954323627864,36.63465971433015,-237.6995555783824,405.6670132378774,470.1774179514587,53.44523533309942,2.1008189918402684,120.36806175337591,56.077251554294804,421.68963837146833,425.4019384673081,52.57598929119961,1.4385897271053285,82.42511981401218
131.0,363.166072599459,694.1006424189136,783.3679200054494,57.87931565238401,1.088747173128007,62.38061797703396,524.5907237698733,243.27411237206192,578.2540282746105,55.242373337330136,0.43422182483249616,24.879077935370955,-173.37778380113687,488.3510868495343,518.2148588596386,54.29019722850487,1.9119424359812756,109.54623225368867,148.92700614716964,447.05538219942054,471.20883683715977,53.464268528349564,1.2492298976351939,71.57560077605648
132.0,374.3663878063246,706.9841161274298,799.9854578526028,58.06164184904458,1.0838079641603178,62.09762214905219,540.2802043806769,252.13814466008364,596.2183687528046,55.50810703960462,0.4366383805378406,25.01753637824545,-186.80352952467024,501.33285317832986,535.0048488741006,54.56715436303101,1.9274733292357968,110.43608688924095,142.88045339267518,468.2895477089646,489.60180193210385,53.796860150386095,1.2746568475179336,73.03245769022811
133.0,377.61855888375453,769.1799010853392,856.8742592977665,58.65834193438801,1.114425698312024,63.851889094198526,576.0177923317798,306.8482925975077,652.6502675650896,56.29361040789704,0.4894690050937725,28.04450819434056,-220.8397947594903,533.9275785916401,577.7965681190447,55.23549915959978,1.9629833388538906,112.47066057082668,128.2829802596505,517.5857529530641,533.246223319292,54.5385557654148,1.3278433951195345,76.0798223946715
134.0,295.5044347124843,867.2297396156323,916.1933705329582,59.239742898956926,1.2423899246811596,71.18369919380667,577.175302866722,432.49127101614937,721.2350724586655,57.16153675160383,0.6430682888587297,36.84509889030491,-327.79441357326414,547.0499162678814,637.7403770019083,56.09287828341778,2.1106302138058264,120.93020336386843,55.46207632518016,595.4673491421862,598.0446520158193,55.53467222157818,1.4779238532839467,84.67879923488204
135.0,278.923589987035,996.6797822004785,1034.9729258770244,60.29857978240943,1.2979241625797413,74.36557664387087,633.9721733285573,556.8823929989487,843.8238656183943,58.52503608481398,0.7207535222113132,41.296134891896884,-406.43956971435466,597.6122777634467,722.7264754823949,57.1794792885016,2.168045320668728,124.21984666740529,11.972123124641218,686.2682204626681,686.3726408803813,56.731199280277835,1.5533528426440575,89.00056197815358
136.0,164.9331544180589,1214.1928867683237,1225.3437524650324,61.76515881656122,1.435784996080937,82.26442056364513,666.6144851083953,792.7161682748675,1035.7479399934712,60.30508156399542,0.8715946829895289,49.938696781342934,-595.9438961496321,642.4611235767379,876.3021297848636,58.853077344275974,2.318649932609209,132.84885530680043,-112.40161010941864,830.2309134287073,837.8051632496994,58.462860650318845,1.7053640881474303,97.71016478402386
137.0,90.02444786802187,1289.7297627240976,1292.8678440081567,62.231082677788464,1.5011083415853521,86.00717256472299,647.2520158191107,905.6233103757854,1113.1436350614858,60.931024147248095,0.9502703513640484,54.44648052957378,-689.82245689409,632.2078161312293,935.703876668691,59.42276857569265,2.3997473561985347,137.49539540785347,-200.74533675229495,880.5771656511248,903.1693279191677,59.1153836062027,1.794936026529128,102.84225881610101
138.0,-84.17577952244766,1269.2880547591847,1272.0761485903927,62.090262193586774,1.6370166796137042,93.79414673438492,487.5757371192446,1025.0096869795452,1135.0660587953814,61.100422748388574,1.1267940104204384,64.56054117771122,-782.8021992575979,523.1442029666722,941.519591012405,59.47658722375175,2.552462346741091,146.24531983432223,-364.10588058355523,860.3389063902616,934.214175724345,59.40892905933823,1.9711516773751652,112.93867189372985
139.0,-481.861722259741,1178.6135577429318,1273.3108960008844,62.09868910893739,1.9588981654711786,112.2365973774181,113.33179431734929,1163.2162815430584,1168.724181853892,61.354240600781786,1.4736731842874597,84.43525384127622,-941.3314912116984,232.36007994532028,969.5855728604029,59.73172289399926,2.899588495270812,166.1341831037066,-650.573062175007,708.8347915983186,962.1289263960402,59.66466543806824,2.31336253481407,132.5459097285322
140.0,-652.2058986280963,996.276726051707,1190.7727949015257,61.51657807879652,2.1504288181484723,123.21049542321308,-156.78153581134586,1126.8094503984646,1137.6642683492587,61.12028236041866,1.7090463231078925,97.92114130643385,-926.3629255154449,14.748450776897727,926.4803217391355,59.33672398846011,3.1256731856875724,179.08788167710875,-784.8962842357626,514.0259390952667,938.2349615474142,59.44623224146652,2.5617828538358043,146.77934555377104
141.0,-707.2139710307074,567.2674877683522,906.6112747479151,59.14842231409505,2.465562930936055,141.26635006654124,-427.68941337357813,792.2955589816092,900.3613091941569,59.088336479912364,2.0657828140188585,118.36063663393927,-693.1438683973365,-231.72853674929758,730.8532937880178,57.276604171370316,-2.818958672172085,-161.5144345372631,-717.8242443979325,185.52594528703938,741.4118438628508,57.40119038982438,2.8886714217216913,165.50868086470808
142.0,-655.256061788361,338.7222726522716,737.6267921524491,57.35673365637372,2.6644920478709753,152.6641488891766,-521.6662421244995,579.4202462053802,779.6560074064718,57.83806059131024,2.3037906801563572,131.9974828545326,-524.7504019951126,-331.9038373879659,620.9050987605831,55.86050452417023,-2.577619327883543,-147.6867086790749,-642.8572513959605,6.791803256256976,642.8931281821581,56.16277567315425,3.131028021148289,179.39469114899484
143.0,-541.0833636642099,166.49015639603255,566.1185199328414,55.05814725148365,2.843088711838761,162.8969839696469,-525.3303089032919,367.17188607131504,640.9267722396958,56.13616825874102,2.531581624480048,145.04894257557962,-362.83942867024984,-354.453620405497,507.2374394860039,54.10422603162537,-2.3678848673078257,-135.66980926963336,-520.3805994590898,-105.47367892967623,530.962018641976,54.50126911525787,-2.94161607879141,-168.54218626257043
144.0,-404.35374563747666,62.2667530494072,409.1199092520102,52.23701228700483,2.9888020355301768,171.24574243598866,-472.5694049347866,201.02078726464768,513.5476602934893,54.21161509856708,2.7394015955341615,156.95614981551125,-224.72162951751318,-326.9448506171963,396.72754645739843,51.96984712816737,-2.172973679628926,-124.50222083575012,-390.40180357677235,-162.030355011929,422.6906719828206,52.52045327685064,-2.7481927604214516,-157.45984646055655
145.0,-311.7604516993472,21.403260969762783,312.49428606603476,49.89684161423048,3.073047302428507,176.07264067321614,-423.33002651952916,115.31576934712982,438.75510027023694,52.844443558427855,2.875643771488944,164.76225148939903,-150.3286968331558,-297.93332192922486,333.71092491457034,50.467408493446364,-2.0380945343553702,-116.77421506724347,-316.55355023563754,-181.38203828198408,364.8363934397355,51.24196307787037,-2.621270207698217,-150.18771986448854
146.0,-220.230218954942,-15.015109819894626,220.74148423856622,46.87767916734443,-3.0735188480616684,-176.09965824784413,-364.1701110466974,28.858828435244273,365.31178705103235,51.25327370531884,3.062512453087539,175.4690382681725,-78.8945361319391,-264.81021893723204,276.3128659419583,48.828022148385045,-1.8603516667918805,-106.59029891730277,-233.3694409412728,-193.64506554817604,303.2485900649822,49.63597580637508,-2.4489556761153133,-140.31482445601443
147.0,-144.44568516686965,-35.05442126196121,148.63838136005606,43.44261934603985,-2.9035129406303035,-166.35903725973515,-313.9493645712855,-33.03585584374469,315.6827066629445,49.98501583128331,-3.0367517725876327,-173.9930599981429,-26.210671600003494,-230.83419942483093,232.31751317932498,47.32163900361995,-1.683859685143265,-96.47805325093674,-170.32367857955524,-196.13327560881038,259.7660818619575,48.29164887609213,-2.2858805064945082,-130.97130549336228
148.0,-84.63363160699791,-47.12759354140503,96.87033432373875,39.72381597196459,-2.633511352075992,-150.88908577374534,-270.91778167162755,-77.43838782048581,281.767897983627,48.99783024227058,-2.863179334341242,-164.0480918468296,12.224599613830367,-204.64568179100644,205.01047756498772,46.235521146225096,-1.5111317879673978,-86.58147373858989,-124.68633047137104,-195.44473330133468,231.83037933292047,47.30340691660352,-2.1386624433527586,-122.53633180724957
149.0,-31.02700926419128,-64.1320120880939,71.24317706522943,37.054865568752774,-2.021399411882613,-115.81765501110048,-235.65306210538506,-123.39468154043001,266.0049118195162,48.49779312032187,-2.6592213444349366,-152.36215982722646,54.7459296454009,-183.57721504592465,191.56646548067027,45.64638972623296,-1.2809756970676354,-73.39450110080416,-76.55588820588197,-201.59514414475154,215.64184696327996,46.6746608577272,-1.9337254367160879,-110.79430626092379
151.0,62.8768698847896,-78.20119508183748,100.34404655352685,40.02983221496518,-0.8935969677051684,-51.19933483519427,-165.2246552733739,-191.59014358971544,252.99401145270815,48.062204824795046,-2.282437290271832,-130.77402373585198,120.5991814928382,-140.27505039329063,184.9898709107684,45.342958986655816,-0.8606784476825053,-49.313242570078785,2.2337473947123883,-202.8990900649965,202.9113855273453,46.14612832686427,-1.5597876172138776,-89.36924740312239
152.0,103.83519219166844,-84.33470709757503,133.76879291790928,42.527096163354976,-0.6821344530047732,-39.0834252176385,-134.53432352509648,-221.29720839378876,258.9825064540833,48.26540859382236,-2.1170299833415642,-121.2968831481226,148.77948165337153,-121.05337565028105,191.80524997344045,45.65720980468989,-0.6830046263324125,-39.13328247675709,36.71043443373887,-202.77110987986532,206.06741372236965,46.28018640914452,-1.3916926157768361,-79.7381132635344
153.0,138.5828748797402,-83.27333740435145,161.67764821518367,44.17299966494495,-0.5410751062427036,-31.00131998729954,-102.60942806253891,-240.52804734470305,261.5003561886237,48.349445695090594,-1.974021981263201,-113.10312819243428,168.8893781937545,-99.48081029943073,196.01034075911497,45.845579673676255,-0.5323138333290149,-30.499336026182892,67.24262601537791,-194.25943647606172,205.5682354193883,46.25912015900888,-1.2375567378860843,-70.90677798885051
154.0,173.49527247470496,-86.92898211600996,194.05477964429966,45.75848688097763,-0.4644834590841235,-26.612941859157733,-74.98593343021295,-266.19755981744356,276.55746430924944,48.835707692160156,-1.8453740630296789,-105.73214543450936,192.15821694057192,-81.60602742863384,208.7685897123004,46.39330314898248,-0.40160078956921447,-23.010030291437484,97.14768878900176,-192.1465700742699,215.3090286735581,46.66124483436023,-1.1026854626939526,-63.17922314279387
155.0,204.3072799829394,-82.67221362476769,220.39999900101273,46.864231764225195,-0.38450550048320714,-22.030542377253205,-46.3147523966338,-282.39058186163203,286.1634096346222,49.13228203573691,-1.733358593316074,-99.3141317797443,210.47491302372785,-60.40620369743456,218.97168414542043,46.807759172193485,-0.27948751123063986,-16.01345482013086,124.64631037127315,-184.93354952766728,223.01820649909712,46.96680637839222,-0.9777298862400494,-56.019795985360936
156.0,231.8819837535238,-80.3081145276233,245.39488105592451,47.79730998180894,-0.3334032422961152,-19.102598659544977,-19.98725075181292,-297.79473727553653,298.4647311519766,49.49786037959023,-1.6378133573019522,-93.83979300355377,226.65237871423366,-41.32011820312059,230.38804861611257,47.24919892603932,-0.1803257938249007,-10.331906923513051,151.25141296773404,-177.55295233086832,233.24245069485877,47.35615191871385,-0.8652196577567831,-49.57343474121719
157.0,261.9983095435199,-76.07143972422385,272.818581011958,48.71747891471476,-0.2825810517367006,-16.190701634880906,8.828008051802762,-311.50221111457927,311.62727938265385,49.87270936298835,-1.5424637967682564,-88.37666560654584,242.8571639360172,-22.808183210130824,243.92583974723223,47.74515617562464,-0.09364137235354385,-5.365255423671091,175.70409527621948,-169.53219774366016,244.15793079199844,47.75341671397665,-0.7675227537896834,-43.97581447240747
158.0,285.19408866299574,-67.35621600218691,293.0401474925406,49.3385424849002,-0.23192684282345885,-13.288429249578197,35.44825285447574,-319.4441951601375,321.40499755284276,50.14105250721165,-1.460279949830389,-83.66787803285688,253.41004323782096,-4.878752545068618,253.4570027444306,48.07808589629401,-0.01925002592103113,-1.102945240792519,196.1265770251063,-159.40879941870378,252.73859924375915,48.05343148330653,-0.682488384242607,-39.10370398380422
159.0,308.0387184321343,-69.24017617537977,315.724649101253,49.986169784868146,-0.2211026632685645,-12.668249444390957,54.63019910516812,-336.0994809135487,340.5103812288653,50.64260713799722,-1.4096637428460688,-80.76778299769474,270.39290243417395,8.910471218596731,270.5396795002799,48.64461942391426,0.03294187010586276,1.8874301263341107,219.04761177954043,-157.2501840146952,269.64694806167523,48.61591018375198,-0.6226262993864009,-35.67385916868961
160.0,335.8288228946882,-82.43457924176192,345.79829112012425,50.776456854586066,-0.240706897787257,-13.791489342896721,73.37030043672416,-356.6793266461667,364.14741938250506,51.22554473139638,-1.3679223875166726,-78.37617950616443,289.40056181442674,17.683091860001728,289.94029888277873,49.2461716452225,0.06102660696706677,3.4965670172165915,240.9310570058866,-154.37529087751835,286.145949933757,49.131752066997656,-0.5698412978929568,-32.64950136152351
161.0,344.2152526154719,-72.23934744305117,351.713894312026,50.92379050559682,-0.20686459974547147,-11.85246849607856,86.3506211037508,-360.33493131872103,370.5370325533886,51.37663238287202,-1.3355918770163633,-76.52377770499331,293.87187106210797,26.934907959625026,295.1036527532956,49.399491703437484,0.09139990781451716,5.236828965656626,250.52566079834952,-152.08039748545335,293.07260878114005,49.33950460410868,-0.5455836901630764,-31.259642817517445
162.0,369.78807819192855,-72.16908465736307,376.76464743014503,51.521402906498125,-0.1927406505757517,-11.043225818596314,106.69394621882698,-374.42243190078557,389.3273117445582,51.80629742056925,-1.2931977962703434,-74.09477580190955,310.65462201076036,41.042009114875924,313.3540181469418,49.92070536082867,0.1313538898805675,7.526023512782691,270.6678814669977,-148.61829468706037,308.78552358153485,49.793138632754,-0.5021365296997746,-28.7703038911426
163.0,382.0327583472754,-65.79312936657844,387.65676096551573,51.76894725453621,-0.17054560277303188,-9.771543253409355,122.3353895422282,-379.80162261979524,399.0178192500657,52.01984581494668,-1.259186540521843,-72.14607439158041,317.42560986158026,51.65625309798606,321.6012846369233,50.14635549739971,0.16132083938253536,9.243003244127113,284.5323127227249,-143.24980942242425,318.5579144879364,50.06376798969469,-0.4664094526807341,-26.723293163612745
164.0,401.1706098201189,-65.1098678569956,406.4199220951176,52.179499765237665,-0.16089674716114016,-9.218704549716842,139.88861208874104,-390.9000337417169,415.1766614001679,52.364658644881104,-1.227133959250749,-70.30959676224667,328.6571325098537,63.45034960573979,334.7259440418237,50.493787501863295,0.19071308837880369,10.927055062010918,301.31086467348,-138.5137861376471,331.623741792511,50.41291230489743,-0.43089434356471096,-24.688427302318022
165.0,417.34486431312934,-60.3904579376629,421.69152609278854,52.49989747876924,-0.1437041265871169,-8.23363995205552,157.81497002331616,-399.10440385652737,429.1734963172054,52.65265788383754,-1.1942420524444346,-68.42502932210722,337.80828495715116,73.39385863882096,345.68930540528305,50.773718879519464,0.21393991064424014,12.257853949320918,316.50642889551176,-134.3616222193082,343.8449724186668,50.72725357243865,-0.4014594967646888,-23.001934810062593
166.0,422.278031027482,-50.35608528820694,425.2698799750579,52.57329249209612,-0.11868817654795379,-6.8003315943013485,169.9355361448568,-394.7116246134045,429.73870322533566,52.66408937948502,-1.1642503318450688,-66.70663031142799,336.24825077022473,84.56986821788735,346.72027451019756,50.79958475643092,0.24639953154418434,14.11765323148236,323.1317463576097,-122.15868887024587,345.4516909361078,50.76774645667693,-0.3614385249451258,-20.708902032789634
167.0,437.2322951897261,-50.22424905223531,440.1074359173413,52.871174126568505,-0.11436731154021551,-6.552764265512184,183.79064429229544,-404.4013894157342,444.2065788467719,52.95169972610829,-1.144226563980889,-65.55935292286081,346.99008008085366,91.2589768828904,358.79007307369744,51.09680837144579,0.257177619911273,14.73519220613559,335.88338398699227,-121.84287838183283,357.3000624837944,51.06066184301688,-0.3479910409166386,-19.938417952887736
168.0,458.4963216909108,-46.24860743894728,460.8229711007655,53.27068239327075,-0.10053014444248318,-5.759952990394835,202.33468474143382,-415.1424480831146,461.8252665780174,53.289553791858424,-1.1172906129424243,-64.01603661118574,359.4039757359433,106.6519547490003,374.8944614509333,51.47818048732857,0.28846947766226105,16.528083588390935,353.8888301507481,-116.14426095401804,372.4604589188228,51.421603480754044,-0.3171182242400712,-18.169535855639317
169.0,458.4452649240216,-48.87254702461435,461.04293377507634,53.274827402951026,-0.10620386704202352,-6.08503334947649,205.52823588643736,-419.12447584018514,466.8052934520998,53.3827154437821,-1.1148781867739679,-63.87781477334627,361.2719459992518,104.21913393304261,376.0040516322128,51.5038504938741,0.2808532422331129,16.091705442522738,357.28353011046806,-116.17559462506146,375.6970716876621,51.49675620071694,-0.31437985182381617,-18.012638673452862
170.0,451.96692599154096,-41.69017973654678,453.8856389848754,53.138928836249775,-0.09198137452687834,-5.270144554202268,211.21360405146896,-406.25343934713555,457.8788524465696,53.21501171406348,-1.09135102347659,-62.52980761249143,354.5461560635992,108.55335731971996,370.7921360612396,51.3826102968588,0.2971127447710317,17.023306314927737,355.65736035762785,-103.50668587499919,370.41300192809285,51.373724450398875,-0.2832065421641726,-16.22653959650089
171.0,482.1275034509286,-28.35917806202269,482.9608395762318,53.678238356419996,-0.05875321145343,-3.3663110491212285,238.3723322352069,-418.4862662675982,481.61408184338524,53.653983534159345,-1.05302515020301,-60.333896827762054,368.2260923515952,129.03850489101964,390.18122819151006,51.825327428850684,0.33706034570860927,19.31213525032378,377.95748779348463,-97.5870927617839,390.35253714156784,51.829140129144236,-0.25267749947771895,-14.477354297992358
172.0,498.7464797168121,-22.60705440083083,499.2585802353271,53.966510747443095,-0.04529674198232589,-2.5953121412803237,257.3065610107418,-424.93813634464846,496.76864440022547,53.923083514960084,-1.0263312937756863,-58.804451515548244,376.8024403916699,138.72761281855745,401.5288652680571,52.07433542945601,0.3527699248160599,20.212227831107597,391.498491933577,-93.30548328402898,402.46364108715613,52.09453303875068,-0.23396448499027991,-13.405177545894936
173.0,501.5502060165039,-16.208410323989252,501.8120382378529,54.0108215125316,-0.032305382726659226,-1.8509620857924052,264.21154774704496,-423.2427597646548,498.94105429007374,53.96098480791092,-1.0127326852783687,-58.0253086414012,377.2730276065387,144.6972152302093,404.06957501744864,52.129123017292336,0.3662318819536205,20.983541159075834,395.9150705872901,-87.28494397133969,405.4225013023066,52.15815697496613,-0.21699265760134895,-12.432763465884657
174.0,506.1163809998466,-12.51676710898673,506.27113346036475,54.08766331027786,-0.0247259655462117,-1.4166934701838156,269.0560092298373,-428.1802805056279,505.69703253683866,54.07780810343367,-1.0097766968612814,-57.85594298081254,380.1379668833734,150.24392486944143,408.75189397285857,52.229195559975075,0.37639209847639576,21.565678684769942,403.01206381299596,-86.84449226435117,412.26288871964124,52.303484840597704,-0.2122430942721363,-12.160633532590667
175.0,462.9908151857805,-35.56288955781464,464.3546210172726,53.33699543559711,-0.07666069179572832,-4.392334094448409,231.31201913795633,-413.2821491634018,473.61100601104977,53.5084357237199,-1.0605400986024616,-60.764471654309226,354.3376973191913,100.40912373665145,368.2895543876163,51.32378802704935,0.27613213770230477,15.821206078267341,353.1437902599414,-100.75242951843677,367.2350591283804,51.298882713066504,-0.27791792364211926,-15.923524075732514
176.0,519.3792893095626,0.9268817190864134,519.3801163631773,54.309706386841974,0.0017845931753442163,0.10224965709507368,290.72957007308764,-426.153705717364,515.8785359089134,54.25094917230473,-0.9721048017548811,-55.69750238495627,387.3289475988415,162.23841205399214,419.9345377482388,52.463631897933226,0.39666251259160284,22.727087862553716,415.43583211193885,-76.4804543325534,422.417081209381,52.51482942749384,-0.18205842391457644,-10.431179315108846
177.0,533.4976371002535,13.084290646578992,533.658062295772,54.545261499236034,0.024520573821838094,1.404925391230294,311.69669641307297,-426.57380311256975,528.3181239146967,54.45791018766015,-0.93976326537813,-53.84446884759961,392.9874527688106,173.08546241820991,429.4155508761225,52.657555358939796,0.41487133156901956,23.770376339877416,427.6090194318481,-69.37391245923106,433.1999691013005,52.73376833953033,-0.1608354503560086,-9.215192501485166
178.0,552.4796323901344,16.460134257114085,552.7247780095445,54.85017867870312,0.029784386047655903,1.7065196159190181,330.27414565585093,-436.2682615125816,547.1846190198629,54.76267762333907,-0.9228024603436328,-52.872686301978675,405.20451083382835,183.4191054784316,444.7845139554547,52.96299316047409,0.42506220716058263,24.354270500816863,444.1007798204414,-66.83690273842923,449.1020754848395,53.0469012424046,-0.14937832659193323,-8.558747664444608
179.0,546.0095841005505,25.481502622581388,546.603853723664,54.75345378551638,0.0466347629878704,2.6719750977978745,329.251622152088,-425.9963135880596,538.4045782498489,54.62217488390951,-0.9128009452506112,-52.299641698412145,397.67851034754204,183.79996943619307,438.098877374715,52.831442806061055,0.4329384214622772,24.80554433884454,436.5736407022202,-60.403585634898576,440.7325004053409,52.88350154690194,-0.13748543609154706,-7.877335232561252
180.0,552.8946102983739,25.4143402761891,553.47839956828,54.862013529358826,0.04593364338594833,2.631803903673848,335.72202551538,-436.1062219441236,550.3616222398929,54.81296284210185,-0.9147324432152188,-52.41030837992228,403.73618386907305,185.58872775391032,444.34905427431374,52.95448520358261,0.4308731202652409,24.687211296831045,444.71103283397525,-63.76695373706867,449.25953202260104,53.0499460077026,-0.14241886028925113,-8.159999617637409
181.0,560.1356555747412,45.218654722762004,561.9578982282228,54.994075590666554,0.08055335587368881,4.6153673171777285,354.0083836422548,-425.21569904862065,553.2904539266957,54.859063545518396,-0.8765273946130643,-50.22132033892663,399.90325854351585,198.84500619619246,446.6116351852982,52.99860066359994,0.4614313779372739,26.438070490711805,448.7526709431974,-48.82052908435547,451.4004915136114,53.09124055258998,-0.10836543498322623,-6.208882069638188
182.0,559.5079185628389,42.92089676002288,561.1517747572441,54.98160681602343,0.07656191988255047,4.386674880688886,351.72190085277873,-425.77946631899334,552.2648363587697,54.842947836716284,-0.880362381569723,-50.4410489060309,401.48335781411686,192.96051584041496,445.446570617731,52.97591239518178,0.4480229135361064,25.6698220707735,445.0877409250756,-52.157136512293945,448.1333105348778,53.02814453966725,-0.11665192673607067,-6.683663074046137
183.0,573.0177909953069,52.33703005142146,575.4029488208629,55.199441664584484,0.09108306799826682,5.21867538140378,368.55410559733525,-428.5785947037917,565.2536957782131,55.0448682111781,-0.8605568213087386,-49.30627389218447,407.1670450274042,203.37901304588473,455.1351727826211,53.16280798040481,0.4632457089836338,26.542024002307784,455.20905706779854,-46.592613955123355,457.5873220618393,53.20947966732267,-0.1019991159415546,-5.844118857516633
184.0,574.2545684933705,64.77727839580795,577.8965350578554,55.2370018107755,0.11232754693315536,6.435894362327476,379.29983065665317,-423.6633275231832,568.6466184056508,55.09684921705698,-0.8405917779128826,-48.16236116780639,402.48532432308366,208.0465560264489,453.0759381935043,53.123419968489216,0.47707972967594364,27.334655001673784,455.7444761050436,-39.372310423649985,457.4420251008393,53.206721212891644,-0.0861772283501291,-4.937591474597544
185.0,589.6816884378444,63.40059564460938,593.0802047000037,55.46226857565824,0.10710520175741363,6.1366760245969685,389.1932653688772,-433.17506221967614,582.3332656971517,55.303431996426596,-0.8388291301927018,-48.061368892671666,412.437487301431,209.64333703576918,462.66079334109475,53.30525396419053,0.4702681652752688,26.94438110963356,462.03723847526544,-41.440067165330404,463.8918935533541,53.32833566698192,-0.08945054324839839,-5.125138603285669
186.0,601.7377923919278,72.4437093130287,606.0828836155509,55.65064038548709,0.11981418528582531,6.864847142676239,400.97486689353303,-435.6900472398996,592.1204785718802,55.44820162957676,-0.8268667110432516,-47.375972762641695,416.7834991145853,217.25528374280847,470.00887592508906,53.44212118973094,0.4805157201269529,27.53152275296387,467.88033629046157,-38.93101767197232,469.49721322309347,53.43266037568797,-0.08301597764899601,-4.756465151439846
187.0,597.2240983811072,86.24368962150385,603.4190895941697,55.61238090545259,0.14341615678369718,8.217140497692359,410.09738449398304,-424.9978330455604,590.59548157959,55.42580240041196,-0.8032390841394191,-46.02220946114234,411.1431111360821,221.26719705431506,466.9023777267898,53.38452171211343,0.49371968689276174,28.288054321475716,467.9900997195449,-29.826570663436385,468.9396099212036,53.422338356788956,-0.06364725291813171,-3.64671896981066
188.0,616.7232269513273,90.49896484267913,623.3278441549478,55.894330546591924,0.14570175382996187,8.348095562110894,427.74891432054915,-434.15664591954055,609.4761085543172,55.69913371914084,-0.792832404278087,-45.42595062634422,422.42248334407685,226.44721069540083,479.2901977573755,53.61197094147091,0.492084038141414,28.194338551257648,478.41714001054834,-30.698161958273225,479.4010189846169,53.61397905615236,-0.06407825327962664,-3.6714134714929325
189.0,608.580414227067,100.79235475656253,616.8705045292417,55.803880101704586,0.164128953507267,9.40389633186531,428.11089444150537,-424.41990225801726,602.8359572654991,55.603982974253924,-0.7810687372505989,-44.75194215407194,415.78754355883433,224.85437701447265,472.69310576869657,53.49158536323845,0.495745880733593,28.40414667703075,472.5413863818378,-26.788838070262145,473.3001201022709,53.50273229344807,-0.05663037240182859,-3.244681330878913
190.0,618.7935311880954,104.89727389243038,627.6215996205802,55.95395762865523,0.16792265133377243,9.621259206072024,441.6335377943053,-421.6150845834129,610.573059717666,55.71475276066543,-0.7622126459593115,-43.67156770496779,412.9475216687943,230.57151107449624,472.9575851718374,53.49644389924784,0.5092355247656509,29.177046347201507,470.93665748934757,-14.232260943574492,471.1516662591835,53.46321462736406,-0.030211983336344617,-1.7310191358921183
191.0,608.0460125816828,118.71882427027492,619.5273300287893,55.84120939483525,0.19282068671237082,11.04781155143312,439.240939099448,-414.31707400417525,603.8139120559796,55.61806230158322,-0.7562064919983393,-43.3274404318983,409.86709776580204,226.07786006498725,468.0835786935122,53.40646810954355,0.50406175058102,28.880610922268417,467.2312038143663,-19.133232580916683,467.62279500342726,53.39791346737134,-0.04092737854240541,-2.3449660570141173
192.0,622.4184569985306,123.94946745089763,634.6402178351076,56.050551806924105,0.19657013195316517,11.262638939246049,451.8453007015143,-419.34703946014304,616.4544713683474,55.79802014049568,-0.7481122527784506,-42.863674686229416,417.07019488035075,233.90541396593204,478.18332273314155,53.59188850915136,0.5111198340473776,29.285009316341775,474.80537196406397,-16.09738267144281,475.0781693309049,53.53530148580134,-0.03389013754417271,-1.9417618483989527
193.0,634.3608579493036,133.23310220447456,648.2011706416492,56.23419622052516,0.2070183470115915,11.861277565538911,469.40855158443674,-420.1396778405547,629.9696319637669,55.98639229102589,-0.7300682951547574,-41.82983206867888,421.24484629028905,236.1519613296325,482.9233576520828,53.67756423035462,0.5109487591686744,29.275207447811372,479.4302047994439,-13.24400131236134,479.61309911719314,53.61782071942143,-0.027617438035739354,-1.5823626404119353
194.0,648.1192620421339,158.55492646045343,667.231775723339,56.485534412446725,0.23992621806041314,13.746759689397141,491.65817859958634,-410.29173461740663,640.3647960961183,56.12854897333249,-0.6954299842779805,-39.84520304597748,421.760846520609,253.04475383758884,491.84739411986993,53.8366074954968,0.5403990080689574,30.962582415407375,485.86298174167945,0.3093066832563611,485.86308019599505,53.730277982234156,0.0006366128993049185,0.03647523231375869
195.0,635.9742575872257,170.63274284641335,658.4669993590514,56.37068028283082,0.26212791310335365,15.018823113394154,487.7886739788801,-394.14376412066724,627.1260616951606,55.94709698553448,-0.6796130329004223,-38.938958487279756,414.34881945745434,250.39943641465194,484.1330622283108,53.69929484649731,0.543590196805288,31.145424061628805,476.2211833062632,5.37754289104924,476.25154424648605,53.55672793773189,0.011291631977588258,0.6469628561307665
196.0,656.9692818844499,167.2038409314837,677.9127980514977,56.62347665726185,0.24921682690403718,14.279072365243717,503.99934681696425,-411.1537662602777,650.4327491001185,56.26404799475243,-0.6842905081781488,-39.206958079470276,428.0490223141877,252.77496634216695,497.11281326617967,53.92909914767557,0.5334257396805802,30.563043567341367,487.35248943258904,0.8029146470284019,487.35315083425104,53.756875564184625,0.0016475014245297586,0.09439487836734609
197.0,668.9587537806075,170.80568045180559,690.4204477956224,56.78227290307998,0.24998942850718892,14.323339176349352,514.8339276489966,-415.5167670785629,661.5951607908819,56.41184639855901,-0.6790485419148676,-38.9066155362343,434.6764932681254,253.93865055761677,503.4168174057141,54.03855439446954,0.5287219398322319,30.293535688356737,490.59243774977256,0.5622623770012325,490.59275995090377,53.814422694098226,0.0011460880510095488,0.06566600827322135
198.0,679.7018218187296,184.11673587331518,704.1970881879192,56.9538844991328,0.2645306347441121,15.156488922754361,528.3979032308207,-416.568501299477,672.8548583562582,56.55842785169963,-0.6676038244108223,-38.250881525533,439.72946134842033,257.73496395167786,509.6953117509956,54.14621277810979,0.5301523368828599,30.37549140238568,493.07771644641093,-0.7738834080101409,493.0783237494186,53.85831821801538,-0.001569494517311277,-0.08992541181085849
199.0,685.1966430508402,169.82503048019367,705.9284529084651,56.975213735437684,0.24295279576004908,13.920169817954694,532.2601865832601,-420.7967197283661,678.506289989857,56.63107756151347,-0.6689734338449045,-38.32935436568721,449.8515704271692,253.1966819198594,516.2121609871438,54.25656462978273,0.5126514562223923,29.372764802778764,497.95029984530595,2.276266163065454,497.9555025337858,53.943810715939165,0.004571239958324769,0.26191275675356757
200.0,599.469127755329,250.89138814853473,649.8536171930058,56.25631081270687,0.39637147851027915,22.710412837999403,518.9885641380969,-307.58594821244617,603.2895202503298,55.61051562494292,-0.5350080774834634,-30.65370484521058,397.6900460411809,264.8288419505494,477.7987947338353,53.58490099780816,0.58748391096064,33.66034862988412,467.66126026013535,47.3889936670397,470.05613608256704,53.442994526164554,0.10098716872657025,5.786138553008012
