f,Zdut_dq_11_re,Zdut_dq_11_im,Zdut_dq_11_abs,Zdut_dq_11_dB,Zdut_dq_11_pha_rad,Zdut_dq_11_pha_deg,Zdut_dq_12_re,Zdut_dq_12_im,Zdut_dq_12_abs,Zdut_dq_12_dB,Zdut_dq_12_pha_rad,Zdut_dq_12_pha_deg,Zdut_dq_21_re,Zdut_dq_21_im,Zdut_dq_21_abs,Zdut_dq_21_dB,Zdut_dq_21_pha_rad,Zdut_dq_21_pha_deg,Zdut_dq_22_re,Zdut_dq_22_im,Zdut_dq_22_abs,Zdut_dq_22_dB,Zdut_dq_22_pha_rad,Zdut_dq_22_pha_deg
-49.0,113.84874982083548,53.27905799567772,125.69882997336919,41.9866247043199,0.4377059491029338,25.07870355136613,-85.37353729636794,29.93000082308053,90.4679270225859,39.129892780586964,2.8044038721826268,160.6805059262101,1.9526059008417462,55.0863419941475,55.120937438510424,34.82633189965692,1.5353648810037286,87.9699276941195,24.959845777614607,-48.027419215267734,54.12602791376228,34.668123143546524,-1.0915132752822245,-62.53910395617267
-48.0,151.3004738074428,58.601032288757494,162.25262512410913,44.20383464167521,0.36952394414765555,21.17216242868862,-70.46226987295105,61.01671228456352,93.20928416024763,39.38918345282003,2.4279120965883054,139.109116163269,-2.783963617926865,63.469804350509634,63.53083123742292,36.05969075363243,1.6146310338083376,92.51154370806267,16.970530782559802,-45.99236270932786,49.023426467640775,33.808073255409205,-1.2173087379854697,-69.74665305096397
-47.0,157.52294346075962,70.54284061171954,172.59713229979266,44.74067151278404,0.4210444021769507,24.12406723234813,-64.54395414702711,64.7572357997838,91.42987260935202,39.22176229318271,2.3545449967931726,134.90549098989274,-12.81242806093713,65.88624903034915,67.12045980255107,36.53709845850665,1.7628620833612219,101.00455724023752,14.303115047170351,-47.947939858525096,50.03582753117341,33.98562173755813,-1.2808952098809927,-73.38988952470466
-46.0,159.82911860285316,75.52504307058058,176.7749396384509,44.94841395243817,0.44143617155798,25.292429554685203,-55.399716687026164,64.31666309991387,84.88675845684406,38.57679899271621,2.281847845856867,130.74025105861693,-15.01121351629477,60.827186412984105,62.65208007841168,35.93870988699599,1.8127464591087639,103.86272143421644,17.87314297868881,-46.37514797224242,49.70013671393705,33.92715166763517,-1.2029361457904588,-68.92316417752718
-45.0,154.30355568098327,82.90355520065356,175.16445632805224,44.868919709399684,0.493021638780601,28.248059110751832,-50.69277969014573,59.75740514794563,78.36265298424608,37.88218261406879,2.274308200285783,130.3082611883693,-16.651316961051084,61.08116287084262,63.3101477978988,36.02946654771167,1.8369389316053502,105.24884800425716,17.723426844796784,-43.60084166763615,47.065414618901855,33.45403777844885,-1.184705296920907,-67.87861348036103
-44.0,161.96697386359688,78.72291236615533,180.0849731486235,45.10954950892773,0.45241978801203486,25.921744421292995,-38.861988626896846,57.93208997190628,69.75945246739042,36.87206126437204,2.161668615640863,123.85448838210878,-15.208907253423163,58.43812628305756,60.38481152837865,35.61855430258243,1.8254047096409498,104.58798576572991,20.609567342156048,-40.8080737815206,45.71709911826093,33.201573307211504,-1.1031276288961775,-63.20455740002469
-43.0,148.27778877854516,94.24277482372972,175.69292316860992,44.8950853732503,0.5661730697898371,32.43932737292347,-42.30113838998708,53.671896697590945,68.33782850080702,36.69322349127411,2.2382655590811615,128.24316996484018,-19.595918949009246,56.205275031000134,59.52338179880665,35.493751950366025,1.9062671714929338,109.22106355088623,21.41588904259821,-39.95610956715378,45.33355264290761,33.128395092735026,-1.0787765621251664,-61.80934404740449
-42.0,148.78254974330383,106.03403502614708,182.7004753470687,45.23479354588385,0.6191840420188978,35.476632349533865,-41.017922230178854,56.269832713877065,69.6330669849369,36.856310481509695,2.200689086395849,126.09019667098313,-24.994072146777913,56.20650614604824,61.513209765253656,35.779367782864206,1.9892197613553406,113.97389684968184,19.749951220431512,-39.66089560977001,44.30628864820996,32.9293074505945,-1.1087737323868683,-63.528055300735346
-41.0,144.37245205231375,106.741158634464,179.5468737077464,45.08355695077958,0.636647444721472,36.477211620328724,-35.984832553669946,51.87313770255481,63.132642816722615,36.005079397095336,2.177287263768977,124.74937100154962,-25.78916584188763,52.91205491719945,58.86226830815403,35.39673987995183,2.0243106298990945,115.9844555166873,22.07876151845566,-38.72517992098692,44.5770262590681,32.982221865049574,-1.0526223811549047,-60.31081986118712
-40.0,117.45232274364929,121.45839056170081,168.95913338945903,44.55563346627641,0.8021646464365481,45.960648715418095,-46.117240142715204,44.34146282490357,63.97628594903871,36.12038048280889,2.3758227758376247,136.12461792655176,-31.77905290099771,46.11878944317985,56.00759718992387,34.96493882365111,2.1741486787472715,124.56954332616291,22.846671068341276,-40.17370229488076,46.21576284107718,33.29580251862464,-1.0537116866560767,-60.37323246900466
-39.0,138.85340530549303,112.85211340728964,178.92978417642848,45.05365276180466,0.6824628234427403,39.10223945785088,-29.5911624976328,47.63519544149703,56.07805937005068,34.97585952161811,2.12666110260297,121.84870563378831,-29.586044818776003,47.981576945417665,56.36990131433315,35.020945490202564,2.123341503866149,121.65850663649152,24.203219743848877,-37.67480736243697,44.77931392692134,33.02154870757806,-0.9997650285033449,-57.282316638018116
-38.0,138.94943950130107,114.82634285062346,180.25547356508943,45.117769224059316,0.6906261926692105,39.5699660611346,-24.487333754441188,47.57917392791408,53.51081485143067,34.5688312873922,2.046106958540006,117.23329315669166,-28.224873975922733,47.01273029685327,54.83466349784036,34.78110365385503,2.1114853568469716,120.97919945100604,25.46350520772385,-34.69303958222857,43.03483580679562,32.67640300633862,-0.9376363174045235,-53.72260370546805
-37.0,131.20958171506396,117.72795056690441,176.28336472431405,44.92422662609923,0.7312943331308221,41.90007887023016,-23.178833638144415,44.50958418298138,50.183278220605324,34.01118056349225,2.0509140685106946,117.50872026966736,-29.258126947559013,46.16410059644414,54.6549373465755,34.7525880157482,2.1356882102748123,122.36592080459504,26.404996932797545,-33.24626343160173,42.45630571757871,32.558844037640185,-0.8995869661889422,-51.54253646760427
-36.0,127.22072240314282,118.56534861901872,173.9047270833285,44.80622774336687,0.7501976389677795,42.98315851353283,-20.368288931948545,42.209318720545284,46.86676627278558,33.41729977945718,2.020390237040159,115.75983355183708,-30.528326395649238,43.802644269650514,53.39148206907953,34.54943952803643,2.1794735058510533,124.87463344584648,27.539144338882743,-32.23892163903922,42.39991202073335,32.54729910876519,-0.8638572035302741,-49.495371864258466
-35.0,123.21501473650268,118.70769294607572,171.09487491183472,44.66474001188038,0.766769071445139,43.93263165497155,-18.591474274783362,39.958601436367466,44.0719042527141,32.88323631701891,2.006274654060115,114.95107022171385,-30.596262169692025,42.15572143484776,52.088733027872834,34.334875881349156,2.19862309472531,125.97182406775207,27.947580781460776,-31.165476035083458,41.8611295598869,32.43621885893881,-0.8397807740534429,-48.11589406949167
-34.0,112.1055639479317,116.7077480935038,161.82816792246197,44.18108234905694,0.8055087227888098,46.1522501767722,-16.619799822419516,35.265870087120796,38.98588640955823,31.81814826165763,2.0111981566257913,115.23316613914895,-31.605673621626686,39.769253149995095,50.7987411377997,34.1170590001346,2.2423133497794328,128.47509128820343,29.03080311434386,-31.011016216136415,42.479061385831876,32.56349824081978,-0.8183667779591505,-46.888962470779084
-33.0,105.83746694917551,118.9415743442313,159.21264873653135,44.03955135072957,0.843629981642673,48.33643741882428,-15.799010319279734,34.19067507358267,37.66445259201326,31.518633197222282,2.0036548643463936,114.80096732790584,-34.20529384072034,38.95435914370803,51.8405654196307,34.29339459385816,2.2913717169738597,131.28592867824713,28.40776247824958,-30.06574552450504,41.36363164622927,32.33237323937626,-0.813744999291706,-46.624154059290916
-32.0,97.52350837694095,115.6062223897226,151.24692837003096,43.593731269069735,0.8700391527308664,49.84957146261668,-13.432428714534101,30.522274003686764,33.34725403278617,30.461201558150307,1.985375338889641,113.75362766773196,-34.38695060573887,36.66444684614604,50.266728901882935,34.025612490284885,2.3241512541519467,133.1640578129437,29.534671812594468,-28.967621370890605,41.36931141516547,32.333565844024456,-0.7757056769377615,-44.44466143287225
-31.0,97.49262917396243,117.0149951923469,152.3066703828717,43.65437847998891,0.876158257067207,50.20017031548919,-11.136509935898486,30.83371804331877,32.783227753338245,30.31303421742473,1.9173957776387374,109.85868571490411,-34.992190617715195,37.61343359963878,51.37337628948433,34.214762175186806,2.3201076847017337,132.93237834927845,29.435874548331576,-27.23880454303177,40.10515158129442,32.0640032427429,-0.7466512234093354,-42.77996386963445
-30.0,87.31136824824652,117.44600838036979,146.34493469151164,43.30755390354167,0.931521618268114,53.372257251959496,-10.979071510102047,28.939107816,30.95176848598488,29.813709365515205,1.9334060719349448,110.77600800683918,-38.24781203815916,36.34001294719301,52.758806532260635,34.44589925442516,2.3817668032224226,136.46518560901086,29.706269246854912,-26.54051444702833,39.83542819751731,32.00538979657845,-0.72917417875972,-41.7786029728498
-29.0,81.28174529715128,116.3550823920917,141.9338836114246,43.04172172293821,0.961033191307919,55.06314583393239,-10.179180831674007,27.78475926378134,29.590683833771102,29.42310003440676,1.9219693881658826,110.12073429524614,-37.69453188250131,34.47692706652601,51.08362001455517,34.16563331475611,2.400747774888702,137.55271517654606,29.575717244845826,-25.710652111155404,39.188782610945324,31.863235448913553,-0.7156018125365583,-41.000963670256716
-28.0,73.80753669189488,115.76417258733292,137.29128205153893,42.75285921128755,1.0032103244282324,57.47971755368779,-9.945136695589737,26.171274793797608,27.99716714645308,28.942281801912905,1.9339450820900492,110.80689101384135,-38.047934889012296,33.5893596398384,50.7532307378843,34.10927385662214,2.418352500504444,138.56139165381393,30.041072013577644,-23.990608834650278,38.444964819624396,31.69678935648274,-0.6738828127965981,-38.610641059649616
-27.0,66.63354500867288,115.94958585628105,133.73232885381876,42.524728152063595,1.0492049221068729,60.1150138810761,-9.820613120657127,25.393888143179897,27.226714768659757,28.699904832736017,1.9398121584252197,111.14304972592771,-40.644472017998524,33.06298275609162,52.39402575057081,34.385635384148124,2.4586932173943423,140.87274447413722,29.347828899365663,-23.734864486045865,37.74438836803961,31.537047844097046,-0.680049623948686,-38.96397331171846
-26.0,59.99872837217404,112.66595622717176,127.64585813437466,42.12013454675851,1.0814596166651569,61.96307174874936,-9.106338366381877,23.172973426894416,24.898033976332215,27.923301105015174,1.9452297629188249,111.45345559848239,-40.88684913230061,31.610420704044166,51.681264778004184,34.26666266916267,2.48345850367911,142.29169085668764,29.616545435368458,-22.534533114784473,37.214848464377255,31.414325098443467,-0.6504257988230788,-37.266653158987566
-25.0,50.909009606437266,111.64642621472042,122.70554896021342,41.77728405459071,1.1429770709969629,65.48776224835062,-9.059269305035139,20.838610263758888,22.72263272743696,27.12917297806627,1.98088346836036,113.49626244428497,-44.193338675921005,29.041347554706277,52.881481173638655,34.466072218707964,2.560212300522458,146.68935947741602,28.981982427225958,-23.3509416406909,37.21856769032073,31.415193116808872,-0.6782102150830325,-38.858582946917565
-24.0,46.21498416006597,108.49354325684038,117.92656057622916,41.43223264347421,1.1681044492072417,66.92745497002859,-8.171035382415992,21.651388024155747,23.141919164002996,27.287987444756258,1.9316614213174146,110.6760468897298,-43.32565521174293,28.897660516417165,52.07866341265799,34.33319659263282,2.553368126318438,146.29721718127334,29.369105715845716,-20.155421517582447,35.620013855976346,31.033881681305246,-0.6014582458558692,-34.46101904088314
-23.0,38.72263349750958,105.30159739826486,112.19567175077971,40.99952206335648,1.2184138938861986,69.80997381977971,-7.138319671729207,20.18645217373044,21.411409554209705,26.612905173506597,1.9106918469146763,109.47457877826734,-44.20174340092959,27.459922348943422,52.03692395877781,34.326232326886796,2.5857012181564167,148.14976688219843,29.564323659051844,-19.008670564165023,35.1479557020622,30.91800140752514,-0.5714100892747511,-32.739386486636825
-22.0,31.723194407893587,101.9719631293918,106.7925199997783,40.57081669493964,1.2691899443852885,72.71922721372071,-7.220647811131059,18.837149699048823,20.173645272899165,26.09568760120679,1.936840828167561,110.97280504262434,-44.358218096502654,25.39833854620041,51.114842400268685,34.17094052190138,2.6215838929241024,150.2056927040274,30.101190248524816,-18.32247494026115,35.23910813732923,30.940498167366638,-0.5467891150620308,-31.328708576747516
-21.0,23.39412820707748,98.13484455940733,100.88475083613092,40.07651051438814,1.336776504875988,76.59165188164343,-7.432408729863054,18.313387414637354,19.764130593738304,25.917554297539787,1.9563318825541345,112.08956019723495,-45.62618926155077,23.06617444471445,51.1253122244241,34.172719465561926,2.6735174490044025,153.18126628253455,29.370696285145875,-17.49725243008116,34.18759486825979,30.6773709763389,-0.5372800992342422,-30.783882102492136
-20.0,13.246220758057914,91.58907954482876,92.54200049836925,39.326777669867624,1.427165597036615,81.7705653764664,-8.724481478485554,15.002446567881556,17.354825844432394,24.78840519773836,2.0975296426556125,120.17959592775033,-47.189191183342174,18.02171463966546,50.51338399960501,34.068129276058336,2.7767834275448275,159.09797102018945,30.542850136317632,-17.976961570397492,35.44061006462934,30.990023782032626,-0.5319813574257465,-30.48028656013581
-19.0,9.726641428099336,89.18457885951315,89.71341404617004,39.05714768154661,1.4621637589399643,83.77581234424385,-6.8747761720142755,15.986621367072845,17.402143837741523,24.812055080075698,1.9769223104914198,113.26930481640966,-46.532271423943826,18.190363791446725,49.96140128876246,33.9726922143152,2.768938878671339,158.64851147755445,29.390231536112868,-15.8252268247245,33.379986725586086,30.46972319269688,-0.4939339183070854,-28.30032887735558
-18.0,2.257232671003144,82.67859239137125,82.70939933979425,38.35109733722929,1.5435018115053172,88.4361394700518,-6.84044752621568,14.773256618967235,16.280074738427015,24.233127886262583,2.0044322623732436,114.84550895384614,-46.78979324597762,15.033504896511968,49.14561039884216,33.82969466932633,2.8307119876636944,162.18784991021803,29.450625761407192,-14.86024434056851,32.98736454462313,30.36695239793476,-0.4673061806243673,-26.774671890154373
-17.0,-4.431798281665076,77.19944022568808,77.32654400119635,37.766572008875826,1.6281405177149715,93.28558011931271,-6.847268064378245,13.433626114644419,15.078043325760495,23.56689973788979,2.042182583816628,117.00844304781427,-47.04774438846725,11.912306107443948,48.53239422117972,33.72063433296078,2.8936081515839702,165.79153465041284,29.369664765327634,-14.359326919054272,32.69200939061415,30.28883229991343,-0.4547419225228957,-26.054792928226995
-16.0,-12.129010400698249,70.14608786256585,71.18698290925843,37.04801173579378,1.7420140773449193,99.81005448424003,-7.12122037279909,12.05108637870749,13.997873499394043,22.92124128838666,2.1045121373331566,120.57966340324616,-46.97270624790642,7.340150707474708,47.54274860229001,33.541685722138936,2.986582084531525,171.11854861304005,29.835845632011075,-13.833595179549832,32.88686729028563,30.340450115843506,-0.4341527730398819,-24.875121559086345
-15.0,-19.792798614205466,62.24764520975293,65.31863601715646,36.300742144560445,1.8786555087596932,107.63903181093288,-6.298369583487023,11.53089241478129,13.138909364610717,22.371186335541505,2.07073049243138,118.64411772536472,-46.129444559672876,3.05129688907007,46.230250573506325,33.29852494745347,3.0755424679941936,176.21560312931638,29.952326589475007,-12.921451910220586,32.62063438363385,30.269848052927944,-0.40727950493121545,-23.335396714736245
-14.0,-28.621144601863634,53.58720652510813,60.751614147159735,35.671156429239595,2.06135350819645,118.10685610414252,-7.388075113484643,9.99764349363736,12.431272232091153,21.890311543231856,2.2072083185701508,126.46372116023653,-45.85780900836593,-2.267706755432936,45.91384476360485,33.23887323049103,-3.092182072490123,-177.16898223970003,30.23612075144085,-12.385471178771304,32.6744991456011,30.28417878352521,-0.3887761607631772,-22.27523318702965
-13.0,-39.495575817005346,42.098765921072015,57.72526830768335,35.227319203988884,2.3243012565125842,133.17265231512522,-7.753211889968334,8.35012620807579,11.394599699047813,21.13398145377973,2.319143715411429,132.8771469773638,-44.84341072855379,-10.425718039365277,46.0394079284923,33.262594598441765,-2.9131591041323666,-166.9117217168965,30.70718979324011,-11.846176886716428,32.91296722918558,30.34734074717686,-0.36818676081595303,-21.095547467346822
-12.0,-54.23134120967507,27.239975133129043,60.688175245707384,35.662081588947906,2.676113033463087,153.32998231738694,-9.27512212418383,5.949042644636293,11.019028941164715,20.842866474570073,2.5712884843440538,147.32397806350454,-44.44335954224212,-22.573011255419367,49.847297264127505,33.95283231409839,-2.6716409412317983,-153.07375030694084,30.4692774434849,-12.561223187130846,32.956959748814384,30.358942831610257,-0.3910293071244817,-22.404328964157653
-11.0,-77.86729115139357,3.9850848078135606,77.9691986118965,37.838461408994796,3.0904593601241306,177.07027809181366,-11.135840636723753,2.5833365888009023,11.431560462926553,21.16211035450481,2.913640787244401,166.9393201262788,-43.29786276376167,-45.650327841737884,62.91786194688825,35.97547912313019,-2.3297530663107646,-133.48501800726902,31.435881793169745,-14.03304172850155,34.425875795221344,30.737699950659845,-0.41985783365048707,-24.056081863678703
-10.0,-142.52040079006994,-43.16852931483666,148.9146955963987,43.4587511614237,-2.8474832215285875,-163.1487708279033,-17.111537169677803,-4.115417803414367,17.599470674026676,24.909992121275813,-2.9055698139502404,-166.4768874199606,-46.64959793971845,-106.25707895086039,116.04633477670359,41.29262856384564,-1.9844867129258952,-113.70271315044359,32.958630548784555,-19.722956039510375,38.40919580761531,31.688704284427548,-0.539253627014529,-30.896956915054385
-9.0,-1473.7473228872836,-105.02092190072854,1477.484539937496,63.39045890436584,-3.070451767177175,-175.9239274577374,-193.3335298302308,-15.952424859828755,193.99055032533212,45.7556115015408,-3.059266690517493,-175.28306977160733,-687.7179654668248,-953.7735914382706,1175.85716128741,61.4070913696262,-2.1955102199835674,-125.79346948289735,-50.06416047785939,-132.68444027975818,141.81530543881917,43.03446209351591,-1.9315972228338365,-110.67236858756964
-8.0,93.3711386420405,196.44757659168138,217.50820646599902,46.749512945874194,1.1271048839168127,64.57835291701595,11.673012222608499,25.82165445367723,28.33755552397342,29.047247681646322,1.146228208986594,65.67403873377114,-78.54965242329483,166.30716146780117,183.92422312272444,45.2927786060508,2.012053069055414,115.28214901321961,28.53786869477493,16.099486803413562,32.765888130394124,30.30843888298762,0.513637953432849,29.429286929439364
-7.0,25.15892769733589,105.71912297955421,108.67154460320273,40.72231679899762,1.3371631820181116,76.61380684992129,3.645688751099511,14.080509141790719,14.544819839446122,23.25416692387334,1.3174425899585105,75.48390015540694,-59.04517763111738,80.0435247741168,99.46506351355161,39.95341128574222,2.206355138695291,126.41483755424157,31.13748244625636,6.347047044705457,31.7777881432712,30.04247330701693,0.20108459037057522,11.521298353350954
-6.0,1.3468726838527427,74.05569545186957,74.06794242374067,37.392605606025754,1.5526110380068625,88.95805970321908,0.3925136634079025,9.823414985827895,9.831253681995495,19.85217805238226,1.5308606248386738,87.71185282601608,-54.85168333872923,50.42093488177862,74.50488466835436,37.44369493549469,2.398257992167959,137.4100611347429,31.81414112039878,3.4410213095302176,31.99969066852506,30.102915602896893,0.10774128121449568,6.173120692922743
-5.0,-11.609599394656732,56.786660227146385,57.96125928460995,35.26275625041205,1.7724597241928446,101.55446155317193,-0.8700088077617765,7.101021056704509,7.154118769865642,17.091122917179053,1.6927075840267165,96.98500051451701,-52.639846351434535,33.316390125094685,62.29715302379509,35.88936399761107,2.577324035103956,147.66978964908392,32.87595050142548,2.012347333185499,32.9374811295818,30.353807674846536,0.061134042202462616,3.502722602775768
-4.0,-19.211677421445934,42.238351932995485,46.402229724025965,33.33077699625903,1.997667616570895,114.45792329947068,-1.7876582412830193,5.308162385399637,5.601098990144583,14.965464963439647,1.895641490130616,108.61225685437459,-50.44282561301845,20.03608263363554,54.27636007625476,34.6922142993552,2.7634991049451854,158.33683540153967,33.56598210269788,1.281781894423398,33.590446846439924,30.524315624110642,0.038168386843282075,2.186887476942722
-3.0,-24.23304148040351,30.895769793222573,39.26561970104078,31.880249119998926,2.235920358508136,128.10879986989414,-2.39997004705161,3.95981281490811,4.630331927179238,13.312242494118632,2.115675662881282,121.21928630164021,-49.07529871188958,7.1726740213290245,49.59669541690696,33.909054816089025,2.9964637305775694,171.68472522612052,34.183040611237416,0.8158798129711613,34.19277592268168,30.678687203978,0.02386343991567514,1.3672743918322106
-2.0,-27.695925127761008,20.93911869517841,34.72046889679507,30.811711633035866,2.4942396322372113,142.9094040214548,-2.6929560906315313,2.5211756631140414,3.688948255309091,11.338051268855187,2.3891277429054414,136.8869363860982,-48.276888321405195,-9.385034816805842,49.18065498252425,33.83588616654191,-2.9495873077545594,-168.99890403969133,34.71850580777264,-1.2692871780412247,34.74170023854162,30.81702137499518,-0.03654310854395764,-2.0937658898572318
-1.0,-30.503887984018814,12.249869380281856,32.87166685727291,30.336434537100384,2.759721617657896,158.12040132281368,-2.9250193551678674,1.3571648570262145,3.22453635074155,10.169345543516421,2.7071699239533062,155.10941106727648,-53.11503282695896,-43.36226948143115,68.56743488558679,36.72235805540855,-2.456940929187279,-140.77234575538193,34.63364978786703,-5.394441766118435,35.05124390940591,30.894068699066423,-0.15451569117609845,-8.853096972937257
1.0,-30.476485032010533,-12.075531799475755,32.7816199744081,30.31260822725358,-2.7643451993819323,-158.3853130418348,-2.77514623336171,-1.3886493040077177,3.1031892475424065,9.836165235545273,-2.6776348568606836,-153.41717637523348,-53.05095058409852,43.44084062199029,68.56755786683397,36.72237363424104,2.4554622393177277,140.68762306664792,34.565954719423914,5.278710096838019,34.96669852805272,30.87309258399717,0.1515433019363611,8.682791614430206
2.0,-27.767416610908555,-21.159752957988378,34.91080879164586,30.859198207838983,-2.4904333145113973,-142.6913180802798,-2.737121521436344,-2.3214825837170405,3.589027111852396,11.09953478094965,-2.4381750854468596,-139.69714211005393,-48.544380708158826,9.262238183836704,49.42009666636424,33.878071811053104,2.953059283676389,169.19783360658323,34.788061834970605,1.4423567409956508,34.81794995691209,30.836063934930763,0.04143752278127828,2.3741951688444463
3.0,-24.44285511883511,-31.2929009081113,39.70766693732127,31.977487408357202,-2.2339055743041283,-127.99336123837487,-2.3594879872247234,-3.5887909437062344,4.29495098918319,12.659164246936658,-2.152398262627024,-123.32333627981943,-49.161115499731615,-7.173746178218931,49.681766387755005,33.92394056737104,-2.9966921833695612,-171.69781460691965,34.45015860563028,-0.41265096353619946,34.452629925316145,30.744447583484394,-0.011977629322588668,-0.6862676087564699
4.0,-19.202455932980143,-42.754885549795944,46.86912152189536,33.41773627041754,-1.9929256330228953,-114.18622765564982,-1.8162069160518732,-5.392613492622946,5.690244972119715,15.102619274297444,-1.8956594146556838,-108.61328385401076,-50.696329998441975,-20.67139679924835,54.748739902785914,34.767482558073446,-2.7544236846318686,-157.81685212027935,33.57570523488472,-1.2354701790943672,33.59842806714768,30.526379180098438,-0.0367799580025762,-2.1073363642160334
5.0,-11.572070361103114,-56.165138768866484,57.34488316640248,35.16989344501206,-1.7739894482239649,-101.64210828397486,-1.2085547606338976,-7.277084044893844,7.376757879034623,17.357310584377434,-1.7353710155669833,-99.42943508131962,-52.07588482063518,-33.054601669273694,61.68066529607486,35.802980988554474,-2.5760205553899107,-147.5951057627882,32.62070130142201,-1.9871500752747675,32.68117070758421,30.28595210943344,-0.06084165703128238,-3.48597016647493
6.0,0.9896451592541595,-73.88352565052297,73.89015333650839,37.371731356112484,-1.5574024616470639,-89.23258805566182,0.5952097935998881,-9.98900781976621,10.006725334581125,20.00583958795596,-1.51128022060717,-86.58997830239083,-54.72745880598107,-49.62190785117601,73.87441022540186,37.369880534469566,-2.4050829780129757,-137.80110401889888,31.71034096743586,-3.5785215009009237,31.911620773684486,30.078977246635556,-0.11237487117603666,-6.438605841713226
7.0,26.233588113975344,-105.73267255958297,108.93851105979785,40.743628703314926,-1.3275950072849205,-76.06559082006572,3.06150781941027,-14.060135768643525,14.389588178992451,23.160967297564078,-1.3563990499565053,-77.71594089806226,-59.42862620760369,-81.32046260272165,100.72129492239331,40.062426012773486,-2.2018928230554544,-126.1591657012237,30.816869158521193,-5.905365959751715,31.377583907178217,29.93238999204358,-0.1893324701118587,-10.847951462196304
8.0,99.08612375454209,-194.70271235133328,218.46557192762995,46.78766012132968,-1.100046288225247,-63.02800958433836,12.277007769651235,-25.534619076298906,28.332696503293942,29.045758190565387,-1.122627539086898,-64.32181995483712,-72.4614803217159,-168.66360109390968,183.57035834899898,45.276051114129565,-1.9765747599738281,-113.24939163858407,28.862587919850313,-16.309813670487596,33.15205881083577,30.41021008312415,-0.5143509227868543,-29.470137064346037
9.0,-953.9116447908318,283.77736189679524,995.2271183969289,59.95844402719381,2.852441945596195,163.43288478874715,-125.6017897452075,37.03542439996546,130.9482044462041,42.34199095565239,2.854854579981199,163.571118556516,-318.50719796040005,735.9178551293961,801.8864786556987,58.08225780999721,1.979257282630328,113.40308886524974,-3.0346046285421515,103.2102486047411,103.25485093836527,40.27820928139218,1.6001900223228487,91.68413469804422
10.0,-146.47270815756082,44.344478462668,153.03818806146396,43.69599630196788,2.847615674399412,163.15635981838594,-18.063479089319756,3.9228685704052495,18.484538799520138,25.33617238265944,2.9277420911775196,167.74726532727772,-48.67635783634721,109.56707503551642,119.8930012304747,41.57587663683942,1.9888673042255869,113.95370254368765,32.044085680948626,20.666605468414915,38.130460379007936,31.625440977676774,0.5728119207469695,32.81970551358355
11.0,-77.35264734401436,-4.433179434648143,77.47957880001181,37.78374502221976,-3.084343995472307,-176.71989350708068,-11.299963565980217,-2.9505241309704786,11.678817116468581,21.347977153805893,-2.88618593624737,-165.3662730369884,-43.22878390826297,45.0865323519906,62.462173815153044,35.91234189039001,2.335162187025909,133.7949377951236,31.219714020869194,13.979246947573587,34.20657668879045,30.682192264432274,0.4209977921543608,24.121396674770715
12.0,-54.522341219962,-27.520472514150036,61.07423433419411,35.71716062170397,-2.6741475801799495,-153.21737013943303,-9.343451561412051,-5.844353101152393,11.020732745666365,20.844209416304736,-2.5826320106972185,-147.97391424833629,-43.95388361210708,22.743919322120313,49.4896933787003,33.89029526157329,2.664083016580615,152.64071312255015,30.860350025084625,12.40823337944155,33.261471092984266,30.438829066904418,0.38229551118635585,21.90391931777454
13.0,-39.360977863602045,-42.4364836153676,57.88040877547716,35.250631792515385,-2.3186131562956613,-132.8467481792481,-7.864409050851101,-8.384555313384654,11.495638195520748,21.21066173411432,-2.3241943765704605,-133.16652854552694,-45.26145995989692,10.486309720363451,46.46033199679852,33.34164617724062,2.9139264352197256,166.95568654969136,30.615021975359006,12.045774740286406,32.89954801582291,30.34379863037797,0.3748554290387631,21.47763401148685
14.0,-28.451813161466866,-53.44670938807754,60.547967898094115,35.64199143993521,-2.0599798593988767,-118.02815182550836,-7.519080277810746,-9.959472231846878,12.479088723183738,21.923657449007305,-2.2174692176296285,-127.05162737035435,-45.70515883472865,2.3480062978679577,45.76543103350608,33.21075114084111,3.090264881777246,177.0591353033305,30.1405448864352,12.824954884103871,32.755639420266476,30.305721633584106,0.4022983747304126,23.049998977025087
15.0,-19.844020324477334,-62.40614831406987,65.48520817738884,36.32286424948109,-1.8786674811660533,-107.63971777928793,-6.5115920238508735,-11.294429400685106,13.03706125521156,22.303594121659252,-2.0937806549379894,-119.96479475408414,-46.35424197704576,-3.5715246465204054,46.491628682669464,33.34749521082307,-3.0646960817920026,-175.59415097696188,29.72157249113431,12.85404577628595,32.38206855907458,30.206091758697518,0.4081908805389935,23.3876146906131
16.0,-12.403598582312302,-70.35900600027401,71.44395693925227,37.07931000083838,-1.7452935159376815,-99.99795247477762,-6.550819531707171,-12.231315047241205,13.875096551803352,22.844720278084573,-2.062499365571979,-118.17250889568429,-46.610124025634065,-8.539712622880293,47.38597211587381,33.51299589072413,-2.960386562590412,-169.61765576367193,29.368695423430573,13.628699036549168,32.37686995839882,30.20469721848816,0.434480652236614,24.893907653249233
17.0,-4.276085314943629,-77.18201721113982,77.30037960062913,37.763632532455446,-1.6261423572996188,-93.17109396072289,-6.308581536692227,-13.223487575170543,14.651239696891993,23.317487470923417,-2.0159354649698877,-115.50459391351778,-46.937269543569585,-12.138965048014757,48.48156087258978,33.71153187144858,-2.888516681353385,-165.49981489468382,29.85674935530548,14.00152133859601,32.97678095055206,30.364165188908583,0.43850597459144236,25.12454163536056
18.0,3.049208089089287,-83.18624069050585,83.24210659389477,38.40686124591135,-1.5341575326694148,-87.90075173016118,-6.651999833593019,-14.38129779854755,15.845214676886842,23.99796255100069,-2.004033704954491,-114.82267329585798,-46.568983090616186,-15.301749327513761,49.018503838613476,33.80720102834549,-2.824123994710123,-161.81038571851647,29.749518793420506,14.949382216147185,33.294412400349366,30.44742709216237,0.4656522914284749,26.679911019447452
19.0,10.186192951543097,-88.58290310489934,89.1666375352242,39.004047795003636,-1.4563086689978135,-83.44034040188912,-6.252253421528922,-15.628211461943405,16.832458713635372,24.522951158225386,-1.951356144842827,-111.80447142641295,-46.472595020572,-18.377646537276195,49.97439324489247,33.97495059827643,-2.7650137390291403,-158.42361754205697,29.657809985409052,15.531004883651175,33.47831844383205,30.495272720650828,0.4824064384214022,27.639852931483983
20.0,14.923224840280888,-91.45820077249704,92.66771351541999,39.338568947292515,-1.409051832764599,-80.73272313258502,-8.205805714309376,-17.689048796942444,19.49968447851409,25.8005516833028,-2.0051424813954823,-114.88620150635033,-43.535634655716834,-19.1952384470906,47.5794983571361,33.54839717694376,-2.726324755163398,-156.2069020529002,28.530521032325655,16.666319855926474,33.04174402049664,30.381259246628215,0.5286892028154228,30.291659995459725
21.0,23.862166972296254,-98.2386939691452,101.09522246563935,40.09461264577933,-1.3325112121429032,-76.34726860964984,-7.393998663266233,-17.641762936086018,19.12859157715071,25.633659889004385,-1.967675217944931,-112.73948544072897,-45.38958332486925,-23.494179301135745,51.10959533628851,34.17004884825259,-2.663955159543613,-152.6333874539489,29.85823325127297,17.3059744295377,34.51102496077501,30.75915715638815,0.5252880008640852,30.096785478376425
22.0,31.867567343568034,-102.17414625316408,107.02849158499716,40.58998809408167,-1.2684630666537209,-72.67758018747983,-7.464800482387497,-19.440209476117392,20.824144417410697,26.371343339698452,-1.9374232104849904,-111.0061730914761,-44.46321549089944,-25.807212996510113,51.410016285130666,34.22095482876696,-2.6156967689299586,-149.86838534569276,29.65106909914101,18.010629261947674,34.692487156924344,30.804708723741076,0.5458569574655183,31.275299880626292
23.0,38.031025453423176,-106.31279651596077,112.91044947250455,41.054682724813986,-1.227253854401825,-70.3164662483874,-8.583697158639046,-20.912135896991337,22.60524905161325,27.08418592406232,-1.960291464633045,-112.31642753899216,-43.91090825532936,-27.286374150655988,51.69829859964,34.26952501238309,-2.585584061367708,-148.14305429266412,29.439929311821984,19.247950710809533,35.1737550518967,30.924374697169196,0.5790449098085675,33.17682948056432
24.0,45.38570479436634,-109.01584355260904,118.08605482938407,41.44397226755591,-1.1762988392640177,-67.39695893596583,-8.065416178845668,-22.367742185377303,23.777443693750868,27.523303238307783,-1.9168674722693892,-109.82841604694637,-43.85442785689617,-28.78915309116809,52.45975770400035,34.396525607641536,-2.560681953802835,-146.71626862821608,29.290747914984337,20.081965211175405,35.513845752917526,31.007954081817246,0.6010013210634202,34.43483917872092
25.0,52.01527242758766,-110.88094934495274,122.47519542076321,41.76096282173722,-1.1321653228605606,-64.86829471097634,-8.829556133722544,-20.564305540316415,22.379716796109058,26.99709172904296,-1.9763568357729067,-113.23690550161751,-43.67206803620627,-29.335485993704904,52.610077599694584,34.4213788476118,-2.550098410645429,-146.10987627300216,29.420769676667863,23.58148177776984,37.70501254744295,31.527981792968433,0.6756701155914974,38.71304596650928
26.0,60.21865391897181,-112.940431783635,127.99151304397809,42.14362346164996,-1.0809509773981707,-61.93392886545642,-9.053598342954746,-23.43405449815136,25.122152638217155,28.001136999746393,-1.9394748461515048,-111.12372315626588,-40.703729839127774,-31.969285548474623,51.75740373411914,34.279449660699285,-2.475809013481271,-141.85340735292476,29.67207942095288,22.42567723580457,37.19332328050048,31.40929969942011,0.6471924822916252,37.08139776790539
27.0,67.36372277173597,-114.14357859269197,132.53915526972906,42.44688396628696,-1.0376386762482552,-59.45231680856664,-9.557484963791266,-25.382465772016236,27.122224973270022,28.66650628058008,-1.9309154597754858,-110.63330644169821,-39.66950492787409,-32.936392351278414,51.5604069256632,34.24632672478041,-2.4486650840263566,-140.29817475575732,29.36289633922152,23.34917003245777,37.5148426976909,31.484062595268895,0.6718029723195964,38.491474978256946
28.0,72.74891317811377,-117.96400444038412,138.59260698972255,42.83480128239848,-1.0181846849307659,-58.33768521139035,-11.353431518285223,-27.892492337123027,30.114639895188176,29.575553486630255,-1.9573590953374693,-112.14841515438192,-39.39083485564997,-33.694579888201545,51.83591982850777,34.29261618992736,-2.4339769409801737,-139.45660615032662,28.95520391817582,25.18219937526024,38.373780102024114,31.68069165067925,0.7158175519257914,41.0133246267345
29.0,80.77410546679901,-117.11180867988429,142.26606006435756,43.06202608533246,-0.9670045160153208,-55.405277537768704,-11.22612648787365,-27.81675494993338,29.99662934175074,29.541449134046385,-1.9543801658030528,-111.97773506459299,-37.289957294791755,-35.0198582158851,51.15595160397359,34.177923356623594,-2.3875782478462106,-136.7981568588279,29.72716165316335,25.59265681574628,39.226116591396995,31.87150629697314,0.7107986351511378,40.72576187781944
30.0,88.17286485214093,-118.86725553007857,147.99958963958957,43.40521022445199,-0.9325794561394127,-53.43286689739402,-10.571950311971651,-29.19440997502598,31.04963296383218,29.84112941538919,-1.9182295456238243,-109.90645710154273,-38.34036432541913,-37.06083561472954,53.32437597448167,34.538515636887865,-2.3731624683147703,-135.9721935332853,29.725860089728425,26.227944413687474,39.64255070302098,31.963231806581753,0.722965060007742,41.42284667386591
31.0,98.69146888213899,-116.86272478192473,152.96046049084086,43.691583647742235,-0.8694994903589155,-49.81865108634187,-10.636416537315323,-31.307400338087508,33.06488579572832,30.387340540273375,-1.8983029120298902,-108.7647450967067,-34.8158629604894,-37.91238043435513,51.473225116392804,34.23162760684224,-2.313643642290042,-132.56201600049496,29.42814893893434,27.10362211194792,40.00777776332215,32.042888582226475,0.7443023683617098,42.6453843887175
32.0,102.69554623134735,-118.51141960081274,156.8162357396539,43.90782049440672,-0.8567747837112741,-49.08957909988996,-14.114718610898471,-32.17881720765095,35.138320368911444,30.91561996279436,-1.9841580659170912,-113.68388306388952,-33.50502134817796,-39.04150260048648,51.44730683763392,34.22725290513028,-2.2800258486479463,-130.63585830826113,29.102242241044333,28.34938353360539,40.62792205111998,32.17649221083542,0.7722946940359888,44.24922650860939
33.0,107.444821368824,-117.15192264878797,158.9621420945443,44.025874129540476,-0.8285914156600805,-47.47479105809272,-14.867164900281459,-34.517933094753545,37.58351097630506,31.499946971602743,-1.9774921162313315,-113.30195228044893,-32.84522068506762,-39.357515800246084,51.26229190952561,34.19596038710441,-2.266243307970697,-129.84617689648738,28.891514734072715,29.645340833420775,41.3952395422327,32.33900800144548,0.7982752546800121,45.737802982895616
34.0,115.51933269022179,-118.29488167812138,165.3432649261375,44.36773018215363,-0.7972683511644015,-45.68011166107424,-16.343921043960435,-37.43071739061184,40.843388197688306,32.2224352434807,-1.9824885772882712,-113.58822841151306,-31.651516235258477,-42.15282130219793,52.713175048804096,34.4383835133134,-2.2148574513414285,-126.90198418496595,28.138653220796797,30.00292474798756,41.13343285593438,32.283899115141566,0.8174515249766905,46.83652233769737
35.0,121.47567283867329,-119.55125809772855,170.4372095651595,44.631288304469535,-0.7774141018548827,-44.542546970238284,-18.9073985244769,-39.069939273029725,43.40449140079424,32.750693433409694,-2.02151134988234,-115.82406858605196,-31.6383347257162,-42.11777094769913,52.67723278437572,34.43245905470869,-2.2150568759324134,-126.9134103723605,27.925174962113275,31.864811668779236,42.36958365798993,32.54108392909889,0.8511942978123449,48.76984081024904
36.0,124.33240727402737,-117.78517246947115,171.2655667442165,44.673401120820785,-0.7583632011583183,-43.451010764402305,-20.860084527426487,-40.920310367684124,45.930544598110025,33.24203189749491,-2.0422320275465276,-117.01127596486091,-30.147424319163264,-43.13399761162583,52.625174042842076,34.42387090303922,-2.180800372968621,-124.9506573316578,27.230650487252035,33.03118822589339,42.808500576092094,32.630600327331585,0.8813581032089913,50.49809955353082
37.0,135.44613576881264,-119.62069169833418,180.70629645115176,45.13946570383071,-0.7234332879922982,-41.4496741612309,-22.26651173090453,-47.7802788143509,52.71387472231214,34.43849880226223,-2.006891408014779,-114.9864076203141,-29.444817701891964,-47.51190853463337,55.89614246172107,34.94763674256009,-2.1256009939278546,-121.787965880879,25.277835990422478,32.9381349525546,41.51975104105752,32.36509481500692,0.9162306720257098,52.496150567508316
38.0,142.92652265340007,-115.18251725015324,183.56198723557864,45.27565501409532,-0.6783198185492875,-38.86486276295398,-23.29421439120008,-49.03807960459627,54.289535597662955,34.694322532787574,-2.014263407406709,-115.4087920720447,-27.102800644168745,-48.88867581437209,55.898697888594185,34.94803382986273,-2.07699446237252,-119.00301676598886,25.4355456761906,33.56819313432663,42.116393175924166,32.48902342744598,0.9223678848557995,52.84778696064599
39.0,140.8093225807682,-115.56744762526299,182.16229103816394,45.209169594453485,-0.6872582876256191,-39.37699931633599,-30.2088951396412,-49.66634760054356,58.13194844090346,35.2882975938091,-2.1172502192734646,-121.30950173751762,-27.785131122637566,-49.55042425144601,56.80896104489547,35.08833693442923,-2.0818512818330133,-119.28129202293213,24.098605259590855,36.19835043610996,43.486358202923846,32.76706077754255,0.983437154742922,56.346798383123485
40.0,166.43632553521113,-91.60813489260944,189.98184343816988,45.574241948382905,-0.5031575527533894,-28.828804202900283,-16.85453069663728,-56.099360026404646,58.57656016168973,35.35447729342585,-1.8626573792502386,-106.72240650993743,-18.723585072349593,-57.09751298111831,60.08908908105103,35.57591240774968,-1.8876696613213217,-108.15550470860123,23.920320214047102,33.51526161658751,41.175896837480714,32.29286134315147,0.9509253371039407,54.48400844811086
41.0,146.1466288258021,-105.05458446666412,179.98695184543305,45.104820441296376,-0.6232520921934818,-35.70971445538499,-35.409439604003516,-52.26432017546809,63.12992615609029,36.00470562655301,-2.1662662346409762,-124.11791254662442,-25.674365277618,-55.17912399947411,60.85974661266588,35.68660279713371,-2.006293468774184,-114.95214822542275,21.026978124686224,37.889200770834755,43.332728325235394,32.736320680891474,1.064153288773273,60.97149220167487
42.0,147.47127072454407,-101.61571606581484,179.09084130876172,45.06146753263995,-0.6033420333326611,-34.56895211280292,-39.58300456044734,-53.38934762231435,66.4622952475215,36.451506707593154,-2.2087723962874812,-126.55333621227001,-23.020036090726308,-55.72570433523451,60.29325157325914,35.605374113945096,-1.9625406808695596,-112.44529813655674,21.325932155202313,39.09085886571077,44.529660105902565,32.97298760363757,1.0713777346055242,61.38542245718374
43.0,153.24553021939437,-96.15460605585022,180.9140702045561,45.14944688994055,-0.5603624421475467,-32.10640293269819,-42.399633345336504,-56.1336958862115,70.34714437462723,36.94492945332204,-2.217701832586551,-127.06495522563765,-21.496643274997492,-57.93771606718177,61.797124651344966,35.819365366790755,-1.926082103840748,-110.35637554575324,20.032251250760567,40.5930605096177,45.26684936806495,33.11560536166091,1.1123706275317602,63.73414221188875
44.0,151.63477628981238,-88.60712467945437,175.6255332359786,44.891753117207045,-0.5288294328712738,-30.299694585820873,-46.23975441605532,-56.798578270759336,73.24065388864769,37.29504426009831,-2.2540762291824517,-129.14905463291777,-17.831788947151324,-57.92617956351086,60.60870379640082,35.65069992204476,-1.8694269206064769,-107.11027265888914,20.73166954391694,40.90095515214866,45.855100637074706,33.22775301836717,1.1016638971425587,63.12069174820305
45.0,154.07375708559198,-86.44671582496096,176.66849549195678,44.943182212107914,-0.5113052352890098,-29.295632025003787,-53.043281086368594,-60.84870741090742,80.7227035101385,38.139913971384146,-2.2877679007646434,-131.07944521931822,-16.126336011792365,-63.10857738807964,65.13640497534746,36.276475704026296,-1.8209758787649697,-104.33423244835903,16.9879669936745,42.598700011073674,45.861097514250815,33.22888887472513,1.1913328518594486,68.25834440683053
46.0,159.89742182703242,-81.0917040363928,179.28482916983762,45.07087083457027,-0.4693498743473378,-26.89176691509796,-58.84971175650824,-65.94215951221148,88.38357864987164,38.92743164319645,-2.2994213530827188,-131.74713885390088,-15.516414374437367,-63.16147847855441,65.03946093439073,36.263538660887,-1.8116886035592557,-103.80211077589512,16.33277683375897,45.94345789377069,48.76023915382341,33.76131654062136,1.2292325236312158,70.4298356442839
47.0,160.7636477942808,-72.36857689496054,176.30133684667678,44.92511210905322,-0.42298290482704504,-24.235135252773457,-64.53943042258146,-67.18849728858387,93.16454393796641,39.385013246685965,-2.336087062034648,-133.84792922970146,-10.512341897413648,-65.82188674298385,66.65605828860804,36.476792560891255,-1.7291677536489385,-99.07401435420142,14.814612744019227,46.035480800076826,48.36050292593636,33.689816173312835,1.259453659624844,72.16137918880969
48.0,149.79726204612288,-66.56206549996257,163.91988372414164,44.29263274656683,-0.4181435213682399,-23.9578590051385,-76.28598438036217,-59.420401045900505,96.69713270483523,39.70827192862381,-2.47984045362588,-142.08439185857046,-8.617399483501256,-64.38142221591217,64.95557790060678,36.25232901963286,-1.703854644452307,-97.62368003088066,16.84877351030044,49.633499579606635,52.41531693427231,34.38916432288014,1.243538588502051,71.24951278282312
49.0,103.96632856988884,-63.85636839248883,122.01079157426744,41.72796489445963,-0.5507970423846483,-31.55834589692867,-95.40543438912047,-22.982535800484307,98.13457017176624,39.836440492160825,-2.905203137820469,-166.4558784252765,-8.70410558060228,-53.076925732151295,53.78588568699577,34.613366490108476,-1.7333399315359244,-99.31306253850353,25.183234142414584,56.42400045268663,61.788859100621494,35.81820352530502,1.151005804871849,65.94777481421532
51.0,133.35493523152172,102.94657086128998,168.46820234899508,44.530358834410286,0.6574169171248881,37.66721473175791,24.49468618428344,-55.14769740347173,60.34283868174756,35.612514732895,-1.152805233093089,-66.05087445682909,40.96858914331497,-71.37061730134906,82.2933187468422,38.30729154041437,-1.0496943505962175,-60.14305606788901,8.015613256041807,23.974526172989798,25.279002375287792,28.055198614155785,1.2481411651110796,71.5132209974061
52.0,141.0424812712335,95.73037258862392,170.46197745861983,44.632550444115104,0.5963106671128044,34.166084504194274,-2.456531144200696,-72.2794779764763,72.32121045595372,37.18531372820176,-1.6047698146027995,-91.946537466732,38.14092181231989,-70.14310339939594,79.84224991313714,38.044655332894074,-1.0727575359324315,-61.46447924978208,6.917763834085486,33.63916841085101,34.34310859310464,30.71679206211811,1.3679777648582871,78.37935239411959
53.0,149.5658429206088,95.55796072040098,177.48595782651066,44.983279972644866,0.5685340698654678,32.57460271268719,-29.63942420377044,-85.53726181443868,90.52689448911237,39.13555244444175,-1.9043576734967325,-109.1116573747152,36.580039887714385,-72.15339714597067,80.8963042288765,38.15857362392198,-1.101583513221974,-63.11608608881283,5.303668297544256,44.35974345007973,44.675672757858585,33.00142202280411,1.451800791203575,83.1820580297185
54.0,140.0075444988845,96.75370471677006,170.18634461385867,44.618494205833116,0.6047011709798403,34.64682496376363,-49.7240899039776,-75.10877667191062,90.07670869836328,39.09225018330417,-2.155580451086733,-123.50566224817598,36.48524664579716,-67.92674324235567,77.10522466290833,37.7416761382938,-1.0778905779647674,-61.758580894298184,11.08860968197342,50.29035828781505,51.49832425813448,34.23586194886817,1.3537770112734189,77.56570914780137
55.0,136.1260082368416,118.5869816229922,180.53576468098657,45.13126499630055,0.7166486848965143,41.0609450381711,-58.255119582160965,-77.8761010309013,97.25402855052855,39.75815200273696,-2.2130474618207185,-126.79827942446636,42.99655688594845,-63.67220042274237,76.83002675204841,37.71061968817027,-0.9768543991837917,-55.969634272019036,12.84391892017963,50.731032515005566,52.331672181067376,34.37529224396493,1.3228300051583128,75.79257630884024
56.0,121.45934602839891,136.7018916171261,182.86546942861258,45.24263410379696,0.844372433191559,48.378976759068394,-61.289234342012826,-69.96410118472235,93.01261043974753,39.37083666422374,-2.2901979305178597,-131.21867566826873,49.57944729170966,-59.67347823270514,77.58250832591423,37.79527633397197,-0.8775280138883659,-50.278651600300854,14.984519532762175,50.539980529474775,52.71456589546593,34.43861268905975,1.2825642606923724,73.4855190919896
57.0,130.8915152276834,184.41112516972782,226.1416632223348,47.08761163971317,0.9535360434856707,54.633590905331864,-73.3443252100448,-87.89628392715275,114.47771297820142,41.17441889112307,-2.266188368766684,-129.8430291119676,59.22259108726855,-68.35835853025196,90.44435016097076,39.12762885441956,-0.8568837600224823,-49.09582298258909,11.258664492018214,58.52573732067485,59.59882092015298,35.50475335824885,1.3807468269085836,79.11096575794225
58.0,157.43125400303308,207.7972494075673,260.69962907207645,48.322808264941955,0.9224365285357781,52.85171995379901,-100.91711604976732,-84.71622991777708,131.76154189779305,42.3957733677065,-2.443247496208127,-139.9877698386313,57.3300914066293,-78.34400022225681,97.07997605849233,39.74259321111596,-0.9390623549232067,-53.80430963671591,17.60020290111529,67.92454785944224,70.16773720215073,36.922749428975905,1.3172583238275042,75.47334248379308
59.0,155.9874415431965,228.013717086366,276.2649762433405,48.826516606156304,0.9708116678614978,55.62341127052008,-110.8460561265979,-72.42951042862099,132.41179003302767,42.43853313384388,-2.56281393359308,-146.8384220722043,60.10121103882384,-76.36247933847407,97.17707455491815,39.75127641609156,-0.9040007737389092,-51.79542901180036,22.609611372835197,68.08570318042587,71.74160232392144,37.11542144531195,1.2501780184637776,71.62992409800276
60.0,163.01979587275343,246.89723210825684,295.860942114894,49.42175271696178,0.9872325594869146,56.56425905649819,-119.7343544401363,-64.03504875042084,135.78218992807913,42.6568561760311,-2.650486906636654,-151.86171340496534,56.47769766106073,-84.62075530435953,101.73692820885874,40.14957241269619,-0.9822714409875324,-56.28000790481931,28.746279041153315,72.03787079211412,77.56161026547335,37.792936338754814,1.191114372025274,68.2458264344236
61.0,171.1287442160037,300.52098626597945,345.82930801657545,50.77723591354787,1.0531503881454292,60.341072433297576,-126.89773623892144,-62.36292513723333,141.39366992279054,43.00859933785424,-2.6848145499283653,-153.82854248621098,68.88580887265098,-85.1617378820946,109.53436110708816,40.791007588691,-0.8906628618729375,-51.031222954362725,28.2700462432619,71.39977505430122,76.79273007518992,37.7064021512361,1.1937946084244349,68.39939266819287
62.0,171.55690429356198,333.5297913708887,375.06518519145294,51.48213506702098,1.0957208480244627,62.780180116297196,-131.01586628344222,-55.592577558829674,142.32249259212438,43.06547082483465,-2.740298597187772,-157.00754422447937,72.45715160766076,-88.2097839452257,114.15342659227946,41.149779048506375,-0.8831310628737025,-50.5996826595657,31.150839375554927,72.27642245294956,78.70359608301804,37.91989152731627,1.163858107095223,66.68415748864125
63.0,200.0858458351019,348.7963030058812,402.11093829205726,52.08691774036065,1.0499796876886018,60.15940467902117,-138.72968058757567,-41.37607259031168,144.7684484234376,43.21347839624141,-2.8517424977028085,-163.3928093764668,67.25926351604386,-95.04032009792968,116.43225915972585,41.32146648498054,-0.9549266548476879,-54.71326706731839,35.928419137885015,72.40510664386298,80.82914554699137,38.151359757045356,1.110182195911159,63.60875431627533
64.0,176.70666982476848,352.6002989973883,394.4010877439454,51.918762080786195,1.1062268063284795,63.38212718685778,-126.4710781851263,-32.599633916514264,130.60501425595834,42.31919701839672,-2.889320573702593,-165.5458745334763,68.22072753913365,-88.223772419419,111.52354767439093,40.94733152621663,-0.9125684811028405,-52.28632248385678,36.14519938106345,68.72930627201033,77.65431719440092,37.80331210704458,1.0866388389727533,62.25981932813464
65.0,214.49446829795318,383.53553642258316,439.43985325568764,52.857988819744676,1.0608747291630056,60.7836445731245,-134.70524419968086,-18.732778512680806,136.0015433945542,42.67087673857126,-3.0034139015588903,-172.08294069024453,66.9393014529135,-93.78927399377024,115.22715823660033,41.231097026574346,-0.9509213885888377,-54.48378221486012,39.46837923894438,68.00322825658735,78.6269165939162,37.91142489714714,1.0449209123403642,59.86955820206233
66.0,219.58342124728983,446.3871947569447,497.4720158256535,53.9353731101043,1.1136396605364258,63.8068524471189,-141.6707623379582,-21.23438092093031,143.25328559762042,43.12209183101579,-2.992814772023259,-171.4756553013404,74.25464819687383,-100.71689557253757,125.13051519358072,41.94726465336032,-0.935498095575749,-53.60009261901653,40.19317365373651,70.0848606642889,80.79219580313564,38.147388234470476,1.0500953709009442,60.1660328388489
67.0,222.0826584822054,439.94114506541035,492.81732753626704,53.85371938576901,1.1033154278022945,63.215317484742364,-135.00279817743677,-10.613027452005998,135.41931866404718,42.63361248797438,-3.063140612285196,-175.50502913906058,69.6470407301342,-98.5579616691393,120.68298177804733,41.632920639564205,-0.9556140508906719,-54.75265195943537,41.210390296636746,67.93100876525283,79.45387479705435,38.002301633623205,1.0255009912100137,58.75687868281632
68.0,215.69220324794438,463.78407595658393,511.4868479764216,54.176689420799335,1.1354808467584274,65.05826023719888,-131.5545174965978,-5.996815379823595,131.69112676434335,42.39113027112551,-3.096039927457892,-177.39002104732677,74.36367813921188,-94.17396160825226,119.99454850694205,41.5832303197637,-0.9024034706839918,-51.70391028815025,41.10138603685595,66.86071173583485,78.48362063496474,37.89558059730426,1.0196151966900109,58.41964749773893
69.0,253.93264742326704,485.7140842590997,548.0875487319931,54.776998720575165,1.089073390224498,62.399308839867906,-134.1737388494302,3.4695472415631876,134.21859019858812,42.55625345548398,3.115739798505781,178.51874051532278,72.79237930985133,-100.94876166557934,124.45634964678665,41.900341176178664,-0.9460607581107753,-54.20528860269449,42.18311739446426,66.88153793894577,79.07310231800568,37.96057556086481,1.0080986683684459,57.75979903027037
70.0,241.53269051808726,501.7910034000264,556.8951891353628,54.9154693231035,1.1221868591074524,64.29657085189898,-129.6314862144606,7.716673142370674,129.86096127226256,42.26957226669872,3.082135048970588,176.593330195362,69.5323602924719,-91.4405781661684,114.87440299390146,41.2044653471429,-0.9206658306655972,-52.75026643904484,41.20661814394151,64.93735152740805,76.90802950443324,37.71943368482557,1.0053522263536079,57.60243949414275
71.0,282.7661791143943,624.8618531199807,685.8637237348904,56.72475666080309,1.145843838007881,65.65201589892357,-139.86117585031656,4.97291846666382,139.94955672780551,42.91943054465057,3.1060515223481358,177.96364318073248,88.49589587356974,-116.18433653310177,146.0490453310214,43.28997444990592,-0.919858505301399,-52.70401010298242,42.42751147277765,68.55837381721261,80.62471302419218,38.12936363634392,1.0166300052144697,58.24860862515199
72.0,351.704383732397,618.6977926623489,711.6761427656882,57.045648147819165,1.0538916086332342,60.38354123893743,-139.89631625852286,17.392939078641877,140.9733791625142,42.98274220000863,3.0179000096637725,172.9129335462245,80.86860375817076,-122.5687774738616,146.8428966114229,43.33705885550437,-0.9875755822844223,-56.58391281507215,43.55896953764028,68.33708076552782,81.03912903490107,38.17389529626239,1.003320294991508,57.48601840283416
73.0,351.171952731748,669.9941591280715,756.4482227166382,57.575584136727684,1.088022321510749,62.33908703859184,-136.5449261146758,18.04460826008774,137.7320759116129,42.78070186529693,3.0102025520309215,172.47190171088138,81.13758111465441,-126.36379639781282,150.1702903679853,43.531680410287805,-0.9999982039490782,-57.29567660694472,43.61758503298348,67.55465568292217,80.41222064181359,38.10644111277795,0.9974755552200254,57.151139481575946
74.0,387.40469056440406,700.0169707745639,800.0663432764176,58.06252002294456,1.0653297684177663,61.03889951998739,-136.82681644740867,23.541278252773328,138.83720495928807,42.850117239287904,2.9712091611469567,170.23774498432633,82.88505329416742,-127.31304190935533,151.91623580049054,43.63208381718469,-0.993694922390093,-56.93452517653222,43.40055699071729,67.52944936769995,80.27350047811078,38.09144403247195,0.9995765448668681,57.27151732114071
75.0,723.5739200054612,999.6753759593255,1234.062427517947,61.8267425981713,0.9442693150724462,54.10264647736014,-179.80770730273937,44.406406570681845,185.20999041625234,45.35328818532317,2.8994714664721433,166.1274778474614,130.3244500023456,-193.6836343856641,233.44766543543219,47.363790703603435,-0.9785094651792047,-56.064462568371816,46.406833102524224,77.72346161397331,90.52364687673781,39.13524083639614,1.0325294149870468,59.15957770186971
76.0,431.0383811048596,756.4548715098653,870.6423253073015,58.79679552154583,1.0528683921733724,60.32491525425903,-124.25715733474635,31.034904363076212,128.07422237803044,42.1492345534379,2.8968365770893456,165.97650980634324,83.88072391931871,-142.00659879559905,164.92983340415768,44.34598440590577,-1.037256563719009,-59.43042337334177,42.786576063427255,66.70763598952914,79.25023527121525,37.98001120374881,1.0004874086354725,57.32370597079313
77.0,483.4126333891948,808.3645415588146,941.8816306574137,59.47992654030705,1.0318390194206848,59.12002094972262,-129.33769752403674,35.57546079261735,134.14116971096635,42.551241781378366,2.8731718572778706,164.6206212377861,86.86774208813145,-155.8935079204135,178.4622941330245,45.03092943083989,-1.0624231064682317,-60.87236005780779,43.98821515930851,67.77194993139884,80.79604118028091,38.14780163735339,0.9950806065957019,57.01391903325155
78.0,498.78825602048545,824.2697608690735,963.4367457322338,59.67646412801358,1.0266151719739622,58.82071653820523,-124.15227358623795,40.79895507455089,130.68412976259705,42.32445700409499,2.824089826405948,161.80842801889412,88.04995833422203,-156.5815153879152,179.64010165838295,45.08806584316227,-1.0585385637417877,-60.6497921542443,43.713644268158646,67.39095397314424,80.32697786306643,38.097228556725206,0.995365482331069,57.03024121057377
79.0,441.3010284202217,894.8456510507351,997.7451262166904,59.98039230040927,1.1126366215975876,63.74938254923619,-119.14727152077862,38.69009218015792,125.27168691989127,41.95705851423146,2.8276095449505334,162.0100930365728,100.67034469122211,-155.11619344249402,184.9203930569549,45.33969615760567,-0.9951247093396818,-57.01644593434654,42.728695151158604,67.31631334741992,79.73222329779016,38.03267748743583,1.0052200228301655,57.594864790212746
80.0,221.2550921516907,1019.9691109562159,1043.6909519143426,60.37143836895783,1.357182546632467,77.7608319508574,-114.19155713317785,26.43391478395028,117.21119217593926,41.379381665070795,2.9141119881104394,166.9663179472057,130.928408024229,-133.8455615481356,187.23483215976333,45.44773291449252,-0.7964152414867767,-45.63123207708457,39.359827893711206,67.99984530383244,78.56955525626775,37.905085896474205,1.0460942203972003,59.93678380178773
81.0,452.26190398734445,1079.854052482092,1170.737205550526,61.36918840550058,1.1741738428726722,67.2752056112612,-120.63057020243889,36.234066868501,125.95492078198669,42.00430278193355,2.8497944481900968,163.2811943611059,129.97289224112689,-173.82331673200238,217.04261829704691,46.73090039806937,-0.928749662110673,-53.21343586314283,41.741815842964876,69.95550715712893,81.46258141919584,38.21916336134114,1.0328135269376666,59.17585611754946
82.0,457.64551800247705,1114.0994704906784,1204.4322522646783,61.61564753052147,1.181034801125024,67.66830956253641,-117.48807917293144,39.64175538119294,123.99563507417245,41.86812794573402,2.8161768133755696,161.35504576902142,124.85057322524284,-188.10174016041879,225.76521053087305,47.073140395842984,-0.9848228945722083,-56.426195426844764,42.238691941342374,69.64471123142167,81.45239652351387,38.21807733621194,1.0256197820120554,58.76368489441828
83.0,443.3455477547344,1225.2783018127682,1303.0204110477805,62.299024374666004,1.2236194124090467,70.10822806131608,-114.50710181478753,45.846807392194506,123.34425853714917,41.82237877271825,2.7607553163983307,158.17962789792858,141.03574191558937,-199.23614122113634,244.10268426702996,47.75145110296478,-0.9547997811124376,-54.705997737757485,42.35097034987453,69.58562530255507,81.46019849180055,38.21890927969112,1.0240651302798545,58.67460991155046
84.0,287.95041941753493,1395.4035911285803,1424.8040658902094,63.07510291561641,1.3672964106955474,78.34031367624094,-109.52904435304825,38.1854244135274,115.99456105582375,41.28875251577607,2.806136291617686,160.7797662481854,165.18252156334665,-197.0610836057705,257.134859756327,48.203219158181454,-0.8731751369214183,-50.029250121355055,40.69910131870805,69.58135421966196,80.61005956574238,38.1277848413828,1.041543406114427,59.676041350036975
85.0,219.7185479386369,1613.1154803779577,1628.0103787578482,64.23314338480928,1.435421828284264,82.2436125816407,-105.41862467536639,47.697908680554114,115.70728983492891,41.26721442801525,2.7166933166302187,155.65506127430936,208.44911097181324,-212.61609270289924,297.7526401917994,49.477112421779495,-0.7952941264681112,-45.5669969181663,41.102104048767416,69.18490421649909,80.47318763837963,38.113024091741,1.034733273988739,59.285849521308585
86.0,-29.515773723381585,1960.1977815261898,1960.4199865331627,65.84698243013584,1.5858527377363634,90.86266880156064,-110.31117680188262,44.43651801666365,118.92501780896012,41.50546450254638,2.7586500445335895,158.05900470535127,276.26951498534856,-222.96337381871126,355.0176206540488,51.00499818013893,-0.6790250989124266,-38.90527235113531,41.30394158148176,71.1356081974715,82.2574637573432,38.303506295738515,1.0447362694791622,59.858978945398235
87.0,-196.30992759062235,2078.080024991349,2087.3318322534824,66.39182992487275,1.6649837858978416,95.3965438896598,-106.10194471416015,50.8018463407354,117.63694259778427,41.410874572027716,2.695046624086334,154.41479715112746,305.18734380080366,-228.4634655819739,381.2281074657477,51.62369826258198,-0.6426049685194206,-36.81855259029993,41.61697791354011,70.6914810820851,82.03205683289235,38.27967201962762,1.0387175992766018,59.51413454451038
88.0,-523.1524847164428,2032.450555614737,2098.7004987095324,66.43900931439723,1.8227273450433297,104.43458407406854,-87.6219410383137,75.79658086307887,115.85648977012455,41.278407321417305,2.4284310040633836,139.13884737154876,321.4049356351976,-193.4331670532303,375.12334340441737,51.4834818106757,-0.5417686494264098,-31.04105708463597,42.22286985159346,65.69860822573503,78.0965931478654,37.85264177630287,0.9995875574290923,57.27214829447779
89.0,-1179.8479930583305,1775.592994860191,2131.8470325331396,66.5751207865456,2.157284321671082,123.60328684149567,-98.89849053905465,63.1083124123479,117.3182446443774,41.38731112589688,2.5736200063612036,147.45756443492905,365.3911856888767,-97.09384914456797,378.07133469866676,51.551475009608474,-0.25972374281424343,-14.88107430259739,41.56636302362279,69.44929871403593,80.93804807927475,38.16305453270923,1.0314703441612383,59.09889741334545
90.0,-1474.4446763714998,1415.7284786853713,2044.0827353708198,66.20996940251986,2.3765075020842854,136.16384985060725,-106.52396725150625,86.9477875147418,137.50372123222218,42.766289030780406,2.457034942767151,140.77773233672553,370.27241737277245,-41.09467814230709,372.5458839373969,51.42359538939759,-0.11053263000611573,-6.333053197831513,45.769223475921976,67.26283255534621,81.35791578548105,38.20799628736487,0.9733096920093292,55.766537511312585
91.0,-1448.4178728477068,668.8892228364055,1595.408138004619,64.05743606020225,2.7089636850458594,155.21218600733454,-102.11445068013137,60.790167899858716,118.8394107651077,41.499209795972035,2.604625823845863,149.23406691715297,274.1432663572265,50.90375599616624,278.82920016297874,48.90676505893556,0.18359212520047813,10.5190539258248,41.3051821621978,71.39903254379628,82.48599833694458,38.327604701647566,1.0463268483011747,59.95011239888244
92.0,-1325.8238076538287,271.8007696917093,1353.397364910506,62.628506531379024,2.9393890701644594,168.41458806730694,-101.4709622332584,64.5427009902077,120.25853993648315,41.60231853511263,2.5750720004879235,147.54075757026789,226.69035724684414,76.34345837746582,239.20042162532593,47.57523881647722,0.32484411001681135,18.61219650364668,41.6957970086313,71.44634641767176,82.72315216805357,38.352541497373814,1.0425259734440113,59.73233831110959
93.0,-1092.1413497658218,-9.276704473421674,1092.1807474562981,60.76589033380579,-3.1330988067230736,-179.51333842270657,-102.00100189791972,59.16634129946007,117.91887181848213,41.4316663089848,2.615966604278544,149.88384577233012,167.331993019727,78.71839709037727,184.9231784510322,45.33982698927299,0.43971502273064705,25.193814990965134,40.39453963940216,72.79487479130347,83.25150226008407,38.40784158047488,1.064191935152768,60.9737064761134
94.0,-830.0417270280906,-170.1211796690503,847.2959839275555,58.56070295825131,-2.9394372682408885,-168.41734961366697,-101.17151717015011,56.814085676793496,116.03239296765369,41.2915849781962,2.629915978633568,150.68308604972103,121.64708827351907,69.74789269519857,140.22404437487273,42.936449779602384,0.5206028712041103,29.8283473223883,39.75466207623282,73.59842531946317,83.6490368521961,38.44921889588229,1.0755419641891735,61.62401523725037
95.0,-665.7327712708393,-231.5501501867771,704.8514700243384,56.96195219671185,-2.8068679761873794,-160.8216886859637,-101.05981602733004,59.83091208313178,117.44285613087429,41.39653208897316,2.6070506203447286,149.37299752271605,100.85924045991578,54.351330424510536,114.5716086343621,41.1815402163193,0.4942680434659356,28.319472838786837,39.31567361573907,73.867044555263,83.67832732068997,38.45225980650251,1.081683447426428,61.9758963066954
96.0,-491.7486474454929,-281.65957822021664,566.6999649441158,55.06706371552349,-2.621434812760186,-150.19715103982585,-99.40659852138737,53.46262754236581,112.87127346373843,41.051668499502995,2.6481505462729045,151.72784981670085,78.65989818316547,39.72009101336329,88.11960742250172,38.90145107356438,0.46760761819089774,26.79194299050326,38.761688113435554,74.74730001765101,84.19992473471684,38.506234065785925,1.0924035263240834,62.590111583578306
97.0,-353.23747289642245,-305.5531511609307,467.0540016343135,53.38734194776451,-2.428450084816726,-139.1399406181852,-99.52493945010339,52.68765436637981,112.6108453710292,41.03160437477804,2.654709270824576,152.10363705250046,61.17068459383252,26.286315893969174,66.5794492088638,36.46680396103881,0.4058624079037866,23.254203035904037,38.420119273245014,75.53609330988867,84.74554240484026,38.56233727381066,1.100266514106563,63.04062759787732
98.0,-247.15542751681835,-317.7080748262841,402.5223300151744,52.09579955909003,-2.2319358738255466,-127.88050571404725,-98.01466963799312,52.606295022435475,111.23982083872865,40.92520561448354,2.64900345454675,151.77671786110398,50.01291295742841,12.057716526968619,51.4458938141038,34.22701433997026,0.23657731369117865,13.554881603047084,37.4719121691341,75.8955823431355,84.64209130695532,38.551727704372844,1.1121774323114237,63.723072941141375
99.0,-145.36980863560967,-341.92250828105637,371.54189929530537,51.4001559369886,-1.9727976207670181,-113.03297750340047,-97.09303022342958,51.03337130220552,109.688018964865,40.803183858402164,2.6576651243884393,152.27299498656853,40.18368325504643,5.0110834762732,40.49493002275812,32.14801305640659,0.1240639651353035,7.108341591911082,37.20223114074491,76.53831201846953,85.1006416455599,38.59865669219128,1.1183625770004388,64.0774556274997
101.0,28.974350362257184,-359.0538382681044,360.22100404331354,51.13138064796896,-1.4902744130728192,-85.38643418540842,-96.19499553920893,49.433397187985065,108.1533075052886,40.68079610829578,2.666896939821745,152.80193904814067,28.46597763342561,-11.62620014775171,30.748665214969396,29.75652536004649,-0.3877476377889017,-22.21630316147142,35.67909762054183,77.6218263147327,85.4291866252435,38.63212542894481,1.1399441039630447,65.3139860379048
102.0,104.97089287225549,-365.86273349371334,380.62373561023554,51.60991734602652,-1.2913884747167448,-73.99110931310629,-95.73168064753528,48.59629731353354,107.35993103661639,40.61684447705971,2.6718594908833952,153.0862722795914,22.712284204952837,-18.971318963653246,29.59322214675549,29.423845085146404,-0.6958912736142112,-39.87163297807789,35.21738912995585,78.14161617711527,85.71100673718828,38.660731924644736,1.1473714658453495,65.73954252667721
103.0,170.87444513413465,-356.68023787186695,395.4982529521843,51.94289138828444,-1.1240332903258654,-64.40236356787523,-93.36610073208763,46.56314371228253,104.33290525181886,40.36842601810359,2.6789729828998623,153.49384534973498,17.653910443029744,-25.117433428105883,30.700912298266406,29.743025620433716,-0.9581569099936142,-54.89834705393039,34.82204911088358,78.52339765863424,85.89819022620205,38.679680277078006,1.153393686915905,66.0845903773148
104.0,236.82439865519348,-359.32300943667036,430.3473258996964,52.67638217365697,-0.9880609657285845,-56.61172323786817,-93.24120613864864,44.91278203981529,103.49435014891354,40.298332838153605,2.692705048677074,154.28063476276523,12.021269822219637,-31.70661248498171,33.908998855929184,30.606299353353545,-1.2084003339679108,-69.23623909856046,33.839594508898806,79.64415862899011,86.53502273788592,38.74383824257544,1.169023236516607,66.9800976051254
105.0,296.1033966634137,-348.57595556455135,457.3646448003508,53.20525179476447,-0.8666124021067121,-49.65323311440881,-93.2263128990834,43.87585779561517,103.03512175010445,40.259705772216286,2.7017092209344895,154.79653583112392,9.096498361488983,-36.04745011437515,37.177478964945124,31.405598731453345,-1.3236090984945985,-75.83721506885618,33.013398966701246,80.31954954102663,86.83959091225628,38.77435537787515,1.1808213204919022,67.65607802325074
106.0,350.7197870805898,-339.43756422523404,488.08014614099403,53.76982284041674,-0.7690522996693611,-44.06345099588462,-92.29051743645233,41.318317635863266,101.11747119536862,40.09652399969383,2.7206543817419426,155.88201358758764,5.046474162279679,-39.62617281763883,39.94621976663042,32.0295137394976,-1.4441261464414434,-82.74233327558618,32.78114255696313,80.73114687362983,87.1327801855968,38.80363142976914,1.1850825687846318,67.90022956588147
107.0,405.7473280600068,-327.48692262199404,521.4197720802872,54.34374990920301,-0.6790675599273504,-38.907705188084286,-90.25962843753703,40.37109462692907,98.87682138427947,39.90188993210837,2.7210051242780606,155.90210965460292,3.2805512209992287,-46.161740862360446,46.278162622962,33.30752215747441,-1.4998491508054272,-85.93502624743152,32.37204381965729,81.22289998675174,87.43631226967254,38.83383664884543,1.1915335939289684,68.26984608018473
108.0,450.64866687901144,-309.75774268129294,546.8400864154349,54.75720686520566,-0.602192085254829,-34.50306494128396,-89.34744921109127,38.32627097923012,97.22072684207782,39.75517727250419,2.7363746306244603,156.78271750145117,2.8585146433049147,-51.14110105439957,51.220926612296836,34.18894861617705,-1.51495976320336,-86.80080056369113,31.580358247051667,81.89834600884335,87.77618188322134,38.86753371675647,1.202761259635767,68.91314393896808
109.0,496.9272084298664,-309.7766943055295,585.5751453167743,55.35165269704319,-0.5574367275971727,-31.938771836901736,-88.95233396952953,36.40108121963365,96.11220751072719,39.655571045325644,2.7531632878590093,157.7446367046826,-0.8391372641713843,-52.84338091585536,52.850043121707174,34.46090691991217,-1.5866746965474279,-90.90976357236823,30.856736752390276,82.54957728956855,88.12815051782695,38.902293119830254,1.2130812641874904,69.50443664433762
110.0,545.9978830816475,-320.13317032963323,632.9288546708408,56.02709790460076,-0.5303049770021433,-30.384237037004993,-82.00191776126077,36.19179591251466,89.63347928033188,39.04940509300871,2.725952763246619,156.1855884860558,-9.950060521086058,-59.0471376482912,59.87961396693806,35.54557983723825,-1.7377384303449888,-99.56507795645624,31.848301719639515,82.26482245625482,88.21459820338309,38.91080920707288,1.2014219228802563,68.83640559553056
111.0,565.4746606688129,-308.6474760430241,644.2242282980657,56.18074107897773,-0.49962846629118723,-28.626602443079346,-85.8296763183443,33.552708065655615,92.15485638560163,39.290364533021545,2.768936558524588,158.64837854293776,-5.910406665830422,-60.3320539452709,60.620868025875126,35.652443014155246,-1.668449346902677,-95.59510590888199,29.93067547346844,83.74193597706393,88.93006901765432,38.98097258733988,1.227530505174951,70.33231717008655
112.0,611.7725675086376,-305.88856527076365,683.983544187663,56.70091306497359,-0.46365059247952034,-26.56522211781658,-84.76505101714005,34.8679946875417,91.65637417806136,39.24325346105424,2.7513413477534825,157.6402472261103,-8.231592493582212,-64.46648922802237,64.98990189534928,36.256917627680984,-1.6977970160693867,-97.27660349068067,29.496107857919007,84.46178475864883,89.4640344685076,39.03296958428972,1.2348127191519147,70.74955729647775
113.0,638.168654830692,-294.91047246291254,703.0159448950736,56.939303504704164,-0.4328870501431062,-24.802600979068025,-85.07101598518045,31.892728056072663,90.85275925149126,39.166762432440706,2.7829137370649772,159.4492118828029,-7.576634399453525,-65.69468369516994,66.13015087410137,36.40799027071806,-1.685620033471451,-96.5789137806147,28.756695193343486,85.61055927698172,90.31121402218257,39.114833607726055,1.246736416720994,71.4327348433764
114.0,674.4308243457306,-290.0018816158134,734.1376084688578,57.31554945437911,-0.4060938376702159,-23.267462984774134,-83.8959478075497,30.702844013222794,89.33753236477597,39.02067904886779,2.7907679461949635,159.89922491736422,-10.46439180126498,-69.22209487285713,70.00858457615905,36.903025944703614,-1.7208315707237267,-98.59638625533778,28.34330072276129,86.1883767130143,90.72915174454872,39.154937010803856,1.2530835354068293,71.79639795614338
115.0,706.8807410755658,-282.57644227442216,761.268564852123,57.630757935860295,-0.38029189763238924,-21.789120717357047,-83.71443198183037,28.199780721104126,88.33648031679131,38.92280182431397,2.8166742840749115,161.38354874052513,-9.669927442632911,-72.80208277248082,73.4414784216449,37.31882821786689,-1.702848247520754,-97.56601773418775,27.758263380099436,87.35691746454265,91.6610725160135,39.24369869139843,1.2631294465717755,72.37198626725815
116.0,718.3548826336573,-260.76314976824676,764.2193125541075,57.66436017057309,-0.34820924761972977,-19.95092027603632,-82.12256191525495,26.262567298121212,86.2197055006176,38.712130702142325,2.8320736606993027,162.26586802823516,-10.302837438529806,-72.91987389482438,73.6441203907132,37.34276158601728,-1.7111570903656645,-98.0420793618386,27.241047130565384,88.15093739109686,92.26409058620132,39.30065410833524,1.271078309845591,72.82742258477431
117.0,746.5229015350535,-260.61900102410493,790.7077248965749,57.96031963401422,-0.33588219311928424,-19.244632079333048,-81.51624494086548,25.239150986783894,85.33412524771582,38.6224548186681,2.8413326832528414,162.79637094296936,-9.921013175536373,-76.06023238926261,76.7045334614441,37.696420655539036,-1.700500328623217,-97.43149189071987,26.32884811123422,88.68487930965506,92.51062674651234,39.32383246500531,1.2822035290526075,73.46485069149425
118.0,785.8978292530874,-251.905448096926,825.2828320070811,58.33205621535447,-0.3101855054763499,-17.77232032992693,-82.17391747871852,25.72913026641925,86.10772821335848,38.700842627167475,2.838155976184078,162.61435903517986,-12.339110445989746,-78.7491098719758,79.70994889113184,38.03025061333358,-1.7262214682044976,-98.90520463299414,25.757719281874813,89.84208016469996,93.46154006287419,39.412658661370735,1.291585636981173,74.00240587873726
119.0,790.0021167461427,-255.39324611843728,830.258426410897,58.384265840185556,-0.31267699292483536,-17.915072045434968,-79.96352023393068,21.56655820380274,82.82077638467447,38.36278594762072,2.8781558304784145,164.9061818673836,-12.725049906482596,-79.45530274950082,80.4678322694063,38.11244603968296,-1.7296013161897734,-99.09885565794625,24.915304419483036,90.72390373042282,94.08293736062102,39.470217360779635,1.302776197293847,74.6435777550401
120.0,782.6849011866734,-234.71057593981178,817.1197641738883,58.24571430342506,-0.2913455594174509,-16.69287093449789,-73.84576401191418,19.047941585803578,76.26284115583097,37.64625961574098,2.889153025043056,165.53627470242174,-12.114070479295862,-77.06968734919263,78.01594331724542,37.84366728128439,-1.7267040302663121,-98.93285340248924,23.751267309665653,90.02802810635272,93.10836988978717,39.37977446464543,1.3128527325773485,75.22092069889939
121.0,835.2955712729828,-218.0062401216902,863.2759768001508,58.72299311109244,-0.25529789325928726,-14.627491802338549,-79.09105025257382,20.02719909493986,81.58727188504048,38.23244822869218,2.893588517690566,165.79040971118536,-9.936645837279798,-83.99945197193966,84.5851338125189,38.54588081384956,-1.688543304773349,-96.74640488858516,23.882220103715728,92.37839057296011,95.415551572753,39.5923833036825,1.3178093864241094,75.50491604482607
122.0,865.9384249708897,-208.56932566941515,890.702261954723,58.99465110431812,-0.23635732517846209,-13.542277189727065,-78.23563931236379,18.283521810875698,80.3436520729737,38.09903137965102,2.912014796884997,166.846157741156,-7.637042806535675,-88.77505693500439,89.10294695823549,38.99784135942105,-1.656611944934006,-94.91687273567729,23.07363094586981,93.04585179198286,95.8640859796923,39.63311871648606,1.3277185206576385,76.0726676150359
123.0,873.6376951255277,-197.35947375393323,895.6526024216497,59.04279184263724,-0.22217604867565244,-12.729749898008027,-78.0562866678302,17.13245702152709,79.91436023622387,38.05249654021624,2.9255302903646614,167.62053847557735,-7.092604820207654,-88.29631712515885,88.5807239810234,38.94678451009662,-1.6509515233736602,-94.59255447000461,22.44675586983812,94.2704435608139,96.90600279772514,39.727013601114834,1.3370389696857812,76.60669000751528
124.0,885.8054468000687,-194.52645075572696,906.9133528757252,59.15131592498352,-0.2161725890107305,-12.385776996730977,-81.74785703247068,15.270065340785596,83.16181229935484,38.398478902037404,2.9569261498336306,169.41938871733512,-7.522757332125678,-87.65484102404696,87.97705969642881,38.887388864352545,-1.6564090415607629,-94.90524722874149,22.09474939865892,95.51563832554268,98.03782492347236,39.827873347763116,1.3434739056036127,76.97538467704416
125.0,795.487484071774,-230.87131732127153,828.3126840007342,58.3638862357346,-0.28246607058683215,-16.184113700269883,-69.56432345229378,13.27921284387543,70.8204249572699,37.003170568194356,2.9529707593584362,169.19276153678024,-4.399214686983086,-96.50685082179311,96.60706674670334,39.70017791896122,-1.6163492728748396,-92.60999155476775,20.312948612624666,94.70022759710355,96.85426675310873,39.72237515190572,1.3595006504001035,77.89364951321635
126.0,912.2068278016917,-172.496980418057,928.3730419079244,59.354450418516585,-0.18689175289530718,-10.708108666702985,-78.81713328032362,13.896897921729254,80.03289492686905,38.06537052706473,2.9670682092396685,170.00048591687207,-1.6090680733407723,-89.72426425772875,89.73869119089818,39.05959462404011,-1.5887278821291735,-91.02740244075936,20.29961984009578,97.49540317483942,99.5862852298292,39.963990652183476,1.3655181413174897,78.23842634604088
127.0,939.4234552449526,-154.24311264570701,952.0017678885906,59.57275509759593,-0.16273712956970549,-9.324150694417755,-78.0450246123242,11.696979556683573,78.91669783694552,37.943378089840095,2.9928251895341154,171.4762521807455,4.2003486535889465,-93.87475595537228,93.96867954000636,39.459662482724084,-1.526081974329606,-87.43805632007846,19.348101616544543,98.41365878604336,100.29754369783889,40.025805944249456,1.3766723568832224,78.8775158217365
128.0,974.750171102799,-149.0866417042132,986.085555517155,59.878291943389314,-0.15177237677913355,-8.695916636113692,-77.64807762288494,10.57214745757307,78.36449617265612,37.8823869147429,3.0062701086276498,172.24658930069987,5.37150192820657,-97.3973287775242,97.54533656696188,39.78413023080815,-1.515701736574212,-86.84331250635204,18.73884674256272,99.25852633059226,101.0118776509086,40.08744888059468,1.3842041379518863,79.30905508918747
129.0,961.6173061872632,-135.2124127432573,971.0768456299953,59.745071978438745,-0.13969355667134997,-8.003851222439938,-77.37525225985277,11.560939059332753,78.23416756257753,37.86792931774709,2.993275947322317,171.5020786995921,8.244469842858422,-97.48654192185734,97.83453960065357,39.809844112068774,-1.4864267472451154,-85.16597917250428,18.095398943350574,100.75778435194711,102.36979325187919,40.20343652355355,1.393097584161997,79.81861202235342
130.0,977.1355929257119,-140.03197985655095,987.1184945814905,59.88738577789139,-0.14233950076712049,-8.155452651955148,-79.97591428162427,8.28826276701673,80.40424220696833,38.105579263146645,3.0383268101033574,174.08330300036872,8.881402972263643,-99.43215123866264,99.82801219449385,39.98504846792815,-1.4817115002467767,-84.89581542013774,17.02633445376881,102.27778113689226,103.68529586791769,40.3143434255218,1.4058375585893448,80.54855878814504
131.0,989.066642273747,-106.60689170309716,994.7953820848085,59.95467521149676,-0.10737082783915075,-6.1518952780091025,-79.36397788435673,8.044085455969922,79.77059794467891,38.03685694898529,3.040580733414693,174.21244329345438,14.307907646603567,-102.8504857682978,103.84092952202694,40.327371340374015,-1.4325697912675635,-82.08020289756868,16.129056084232126,103.41309916543106,104.66334377024069,40.39589210812395,1.4160756139336923,81.13515614979752
132.0,985.2736086948349,-113.11491680408655,991.7454655273892,59.92800446926739,-0.11430514889404884,-6.549202608243468,-77.85776477768755,9.21730004546673,78.40146781984305,37.886483871058914,3.0237547294858302,173.24838428226002,16.874889217778716,-104.72006041907605,106.070980669961,40.51193168203655,-1.411026938248026,-80.84588834087853,15.82025046581855,104.33316978077399,105.52578187961954,40.46717157374214,1.420310643956847,81.37780549623547
133.0,1009.1966678461604,-99.27358128272077,1014.0676300585136,60.12133839741747,-0.0980534574526043,-5.618049278699814,-78.5258586849865,8.613680870765425,78.99687323152646,37.952198037158674,3.0323371731371545,173.74012208138973,19.96167570897994,-108.59012328617138,110.40961630409002,40.86013801241545,-1.3890000575307517,-79.58384103994061,14.628464941743701,105.47104487372829,106.4806709844929,40.545415583356515,1.4329790544534897,82.10365195083233
134.0,1012.0043056651875,-81.13919707553381,1015.2518327917171,60.13147564352931,-0.08000559044565571,-4.583982669988255,-79.33194176682684,5.538245225198817,79.52502212932508,38.01007597259964,3.071894694729352,176.0066011166203,24.30137555517254,-112.30429458344724,114.90348748301436,41.206664206775905,-1.3576932431361017,-77.79009270512775,13.12761797539733,106.91088774449626,107.7138443842028,40.64543052895951,1.4486176437662834,82.9996771159938
135.0,1034.0450155140984,-86.01728352349018,1037.6165318528385,60.320737650789326,-0.08299415879494239,-4.755215023188761,-78.35986874998362,7.794253541235809,78.74655178977505,37.924630913623794,3.042451341282373,174.3196212293964,25.97005099496988,-119.13220297765105,121.93000178376766,41.7222116030961,-1.3561606534986406,-77.70228178717575,12.686632240101847,108.41135808771816,109.15114841365181,40.760566188367775,1.4543030760508986,83.32542839060967
136.0,1052.1270989641203,-76.05393244146367,1054.8723301966293,60.46399801454589,-0.072160368629549,-4.134484570581382,-81.09056278553315,9.37902621788563,81.63115523910145,38.23711885303554,3.0264431740536386,173.40242080945032,29.717937726925157,-123.68606626765154,127.2061272561479,42.090160617670065,-1.334996933626956,-76.48968995973107,12.134202301774199,109.95208502664335,110.61961791294792,40.87664308111079,1.46088210449176,83.70237895356757
137.0,1049.5608801180367,-54.49224320907227,1050.9745218815272,60.43184375652332,-0.05187251195565296,-2.972076007800819,-79.66090653541902,5.39163370211761,79.84315715214782,38.04475402917531,3.0740134148384404,176.12799483684054,35.82996983491272,-123.10281394822357,128.2111131701995,42.158513417745766,-1.2875639229332638,-73.7719786373836,10.473610917441746,111.11891299267387,111.61142123601591,40.95417276765505,1.4768180968273907,84.61544405675204
138.0,1079.3731432520767,-52.49988264676631,1080.6491660348388,60.67369445288243,-0.0486009316349773,-2.784628263088047,-79.46665521390975,6.147597736369887,79.70409179467907,38.02961234968764,3.0643857072879257,175.5763678278098,41.02773680196681,-131.2303543609246,137.49429476449305,42.7656935555141,-1.2677847602510153,-72.63871609338811,9.493711673503409,112.54742497414203,112.94712669939747,41.057503744619666,1.4866425573782087,85.17834418230669
139.0,1067.0440490291992,-40.14828479772004,1067.7990856621047,60.569790892863864,-0.03760796475063206,-2.1547776562879863,-79.94761602556386,4.572023030627619,80.0782411318055,38.07029051141822,3.0844671401087256,176.72694917501715,46.95155370164326,-130.6150306950761,138.79745904905448,42.84763031213531,-1.225714298847478,-70.2282562127974,8.348162706620066,114.30406165371606,114.60850898215509,41.18433725084952,1.4978910713708544,85.82283655987914
140.0,1078.6456207105857,-23.648503861160904,1078.9048275047228,60.65966272660528,-0.021920745269285717,-1.2559661877114368,-73.68110117933043,6.332345901721242,73.95270972464614,37.37908183492082,3.0558607085342135,175.08792137886783,45.05882112062092,-140.96179939844262,147.98826389422538,43.404545506807835,-1.2614084452543854,-72.27338015523524,7.490441624972024,114.372012756313,114.61703197024138,41.184983162588935,1.505397811798467,86.25294110428156
141.0,1063.9787497632633,-17.90681307038541,1064.1294253530136,60.53988904974985,-0.01682845889265737,-0.9641996702586662,-79.97276770039318,3.3586758656574336,80.04326503355294,38.066495911411025,3.0996195750027367,177.59511974379075,57.19409249854478,-136.62100687474185,148.10963417752527,43.41166618515098,-1.1743307317422191,-67.28419468133882,5.911136531667603,117.51303009600839,117.66160706637228,41.4126955169781,1.5205367219105237,87.12033676013034
142.0,1085.855049885903,-11.099448487100219,1085.9117768582469,60.7158908626991,-0.010221494970835408,-0.5856485221430654,-80.54649553886344,5.373291859843144,80.7255239004567,38.14021744450906,3.07498091397808,176.18342845422444,58.70994619586443,-141.24600546385034,152.96173325971216,43.691655921870606,-1.1768654892180055,-67.4294255867906,5.078952417332487,118.93832328839713,119.04671563849546,41.51434836445192,1.5281198495964101,87.55481797204044
143.0,1103.5635848373222,-0.5839419200627276,1103.5637393314296,60.85594844167056,-0.0005291420209821965,-0.03031760456530271,-78.55693596793705,4.016203458064727,78.65953266379817,37.91502723655806,3.090512379361564,177.0733158703516,67.07340300362664,-149.84650659699332,164.17313096182846,44.30604161476019,-1.1499283219673253,-65.88603959128861,3.652923610453122,120.48905035672287,120.54441134606245,41.62294161026641,1.540488136776707,88.2634686272772
144.0,1124.6155133078742,35.66659647268321,1125.1809449491573,61.02444737470674,0.03170385375529805,1.8164970144785642,-80.75158747651248,6.68068940130599,81.02746750857743,38.17264530727029,3.0590492640169313,175.27061215077086,76.53377238577502,-154.4453018092604,172.3681222458235,44.7291390101868,-1.1107233520288462,-63.63976027787649,2.450569968662606,122.73730815109079,122.76176972228419,41.78126281107752,1.5508330047081915,88.8561858993715
145.0,1104.2481278847772,50.68221847340001,1105.4106093241644,60.870472569286946,0.04586530273285679,2.6278882726825348,-79.88917618694612,7.928719722404699,80.28166084645589,38.092326969629845,3.0426701136043617,174.33215596012064,84.43433487678413,-150.77986561269728,172.81124031806488,44.75143974542086,-1.060320071065154,-60.75186500504484,1.6300828772676876,124.79043831718792,124.80108439265518,41.92436717867495,1.5577345073577007,89.25161287348674
146.0,1137.21941380601,41.60664654780359,1137.9802758282933,61.122694693322195,0.03656998521815272,2.095305809855958,-79.52726754293008,7.539532005016774,79.88385835511109,38.04918065874206,3.0470707975349693,174.58429657631552,85.85713044923392,-160.83884053101247,182.319991971087,45.216685860941695,-1.0804691812941385,-61.906323982109534,-0.11884160671698751,125.98019766578605,125.98025371953341,42.00604957335254,1.5717396621259032,90.05404913313225
147.0,1153.6581591070058,43.286000370404224,1154.4699328705933,61.24765253183864,0.037503054529199185,2.1487667433721,-78.67948626979742,9.263782241601167,79.22297154928643,37.97702256375238,3.0243914914109165,173.28486805312207,90.5748226132873,-167.83814972671257,190.71822932041619,45.60784411943038,-1.0759296313691356,-61.64622693051793,-1.2040990786496728,127.73686710548331,127.74254214049097,42.12671109170814,1.580222449758465,90.54007706298381
148.0,1169.3780439068837,52.847013310010695,1170.571576789424,61.3679594918664,0.04516168246140244,2.587573800748351,-82.6120320506675,10.733063654720318,83.3063412649769,38.41356122178977,3.012395029834873,172.59752143572393,101.25746385171854,-174.60068331291905,201.8377382924718,46.10004742036452,-1.045259387352008,-59.88895139170016,-3.5581729070383723,130.12864122825707,130.1772785948025,42.29070376421036,1.5981330183541906,91.56627705219846
149.0,1180.0449503108507,42.051171849697454,1180.7939641648204,61.44348249024647,0.03562015629523723,2.0408846213134435,-69.75140826252937,11.00992726680711,70.61499453392624,36.97793859664615,2.9850390769849966,171.03014079286714,96.89334653419806,-174.9283892304844,199.97065275026742,46.01932528489846,-1.064961567234135,-61.0178031461536,-3.966534085151501,129.89922048915395,129.95976637536134,42.27617843911871,1.6013223141004431,91.74901023807774
150.0,1070.7330505797431,166.88867790122626,1083.6609693143987,60.69786862954671,0.1546198658415172,8.85906574159794,-64.66232749491456,4.197470114666185,64.79842090995042,36.23128845122329,3.0767699138228273,176.285930594878,138.4506204594903,-127.33314312479729,188.10184380717257,45.487861052034276,-0.743593502273656,-42.60476935363207,-5.565470584181169,130.8752537921649,130.9935361687246,42.34499732143376,1.6132957240257448,92.43503609317759
